brand_name,priceLog,proc_freq,proc_brand,proc_name,proc_count,videocard,videocard_memory,screen,ssd_volume,ram,hdmi,material,battery_life
other,11.156250521031495,1.6,intel,intel core i5,4.0,интегрированная,0.0,15.0,512,16,True,металл,7.0
other,11.56171562913966,2.0,intel,intel core i5,8.0,geforce rtx,4.0,17.0,512,16,True,пластик,5.0
other,11.002099841204238,1.6,intel,intel core i5,4.0,интегрированная,0.0,15.0,512,8,True,металл,7.0
apple,11.84939770159144,3.406612903225807,apple,apple m2,8.0,интегрированная,0.0,15.0,256,8,False,металл,20.0
msi,11.77528972943772,2.7,intel,intel core i5,6.0,geforce rtx,6.0,17.0,512,16,True,металл,5.0
other,10.165851817003619,1.6,intel,intel pentium,4.0,интегрированная,0.0,15.0,0,4,False,пластик,4.0
other,10.87804719253426,2.1,intel,intel core i3,2.0,интегрированная,0.0,15.0,256,8,True,металл,7.0
other,12.206072645530174,3.7,intel,intel core i7,14.0,geforce rtx,8.0,16.0,1024,32,True,металл,5.0
acer,11.156250521031495,2.4,intel,intel core i5,2.0,geforce mx,0.0,15.0,512,8,False,пластик,9.0
other,10.933106969717286,2.4,intel,intel core i5,4.0,интегрированная,0.0,14.0,512,8,True,металл,6.759740259740259
other,11.06663836234181,2.1,amd,amd ryzen,6.0,radeon,8.0,15.0,512,16,True,металл,7.0
other,10.757902880692196,3.0,intel,intel core i3,2.0,интегрированная,0.0,15.0,256,8,True,металл,7.0
other,10.404262840448617,1.1,intel,intel pentium,4.0,интегрированная,0.0,15.0,256,8,False,металл,5.0
other,11.225243392518447,2.5,intel,intel core i5,12.0,интегрированная,0.0,16.0,512,16,True,металл,6.759740259740259
other,11.407564949312402,3.3,amd,amd ryzen,6.0,radeon,8.0,16.0,512,16,True,металл,8.0
other,10.933106969717286,2.1,amd,amd ryzen,6.0,radeon,8.0,15.0,512,8,True,металл,7.0
other,10.126631103850338,1.1,intel,intel celeron,2.0,интегрированная,0.0,15.0,0,4,False,пластик,5.0
other,10.757902880692196,3.0,intel,intel core i3,2.0,интегрированная,0.0,14.0,256,8,True,металл,7.0
lenovo,10.404262840448617,1.1,intel,intel celeron,2.0,интегрированная,0.0,14.0,128,4,True,пластик,5.0
other,11.37366339763672,2.7,intel,intel core i7,14.0,интегрированная,0.0,16.0,512,16,True,металл,7.0
other,11.00043178410354,1.6,intel,intel core i5,4.0,интегрированная,0.0,14.0,512,8,True,металл,13.0
other,11.184421397998191,2.1,amd,amd ryzen,6.0,radeon,8.0,14.0,512,16,False,металл,7.0
other,11.225243392518447,2.6,intel,intel core i5,6.0,geforce gtx,4.0,15.0,256,8,True,металл,5.0
lenovo,10.714417768752456,2.3,amd,amd,2.0,radeon,8.0,14.0,256,4,True,пластик,4.0
other,11.153389288750464,2.1,amd,amd ryzen,6.0,radeon,8.0,15.0,512,8,True,металл,11.0
msi,11.820410164718188,2.7,intel,intel core i5,6.0,geforce rtx,6.0,15.0,512,16,True,металл,5.0
acer,10.915088464214607,1.2,intel,intel core i3,2.0,интегрированная,0.0,15.0,512,8,True,пластик,8.0
lenovo,11.002099841204238,2.1,amd,amd ryzen,4.0,radeon,8.0,14.0,256,8,True,пластик,5.0
lenovo,10.819778284410283,1.2,intel,intel core i3,2.0,интегрированная,0.0,15.0,256,8,True,пластик,7.0
hp,10.126631103850338,1.1,intel,intel celeron,2.0,интегрированная,0.0,15.0,0,4,False,пластик,6.0
hp,10.915088464214607,3.0,intel,intel core i3,2.0,интегрированная,0.0,15.0,512,8,False,пластик,7.0
acer,10.308952660644293,1.1,intel,intel celeron,2.0,интегрированная,0.0,15.0,0,4,True,пластик,6.0
other,10.165851817003619,1.1,intel,intel celeron,2.0,интегрированная,0.0,17.0,0,4,False,пластик,7.0
other,11.156250521031495,2.4,intel,intel core i5,4.0,интегрированная,0.0,15.0,512,8,True,металл,6.0
acer,11.156250521031495,2.1,amd,amd ryzen,6.0,radeon,8.0,15.0,512,8,False,металл,13.0
acer,10.373491181781864,1.1,intel,intel celeron,2.0,интегрированная,0.0,15.0,128,4,True,пластик,6.0
hp,11.407564949312402,2.3,amd,amd ryzen,6.0,radeon,8.0,13.0,512,8,False,металл,10.0
other,9.998797732340453,1.1,intel,intel celeron,2.0,интегрированная,0.0,14.0,0,4,False,пластик,4.0
acer,10.545341438708522,1.1,intel,intel celeron,2.0,интегрированная,0.0,14.0,128,4,True,пластик,9.0
hp,10.915088464214607,2.6,amd,amd ryzen,4.0,radeon,8.0,15.0,256,8,False,пластик,9.0
acer,10.51867319162636,1.1,intel,intel pentium,4.0,интегрированная,0.0,15.0,0,4,True,пластик,9.0
other,11.289781913656018,2.1,amd,amd ryzen,6.0,radeon,8.0,15.0,512,16,True,металл,11.0
other,10.714417768752456,2.1,intel,intel core i3,2.0,интегрированная,0.0,15.0,256,8,False,пластик,5.0
acer,10.596634733096073,1.2,intel,intel core i3,2.0,интегрированная,0.0,15.0,256,8,False,пластик,6.0
hp,11.156250521031495,2.4,intel,intel core i5,4.0,интегрированная,0.0,15.0,512,8,False,пластик,7.0
hp,10.819778284410283,2.6,amd,amd ryzen,2.0,radeon,8.0,17.0,256,8,False,пластик,5.0
hp,11.407564949312402,1.8,amd,amd ryzen,8.0,radeon,8.0,15.0,1024,16,False,металл,8.0
other,10.308952660644293,1.1,intel,intel pentium,4.0,интегрированная,0.0,15.0,128,4,False,металл,5.0
hp,11.289781913656018,1.8,amd,amd ryzen,8.0,radeon,8.0,15.0,512,16,False,пластик,9.0
lenovo,10.819778284410283,2.0,intel,intel pentium,2.0,интегрированная,0.0,14.0,256,8,True,пластик,5.0
acer,10.545341438708522,1.1,intel,intel pentium,4.0,интегрированная,0.0,15.0,256,8,True,пластик,6.0
acer,11.156250521031495,2.1,amd,amd ryzen,6.0,radeon,8.0,15.0,512,8,True,пластик,10.0
other,11.289781913656018,2.2,intel,intel core i5,6.0,geforce gtx,4.0,15.0,512,8,True,пластик,5.0
apple,11.511924964636645,3.406612903225807,apple,apple m1,8.0,интегрированная,0.0,15.0,256,8,False,металл,18.0
acer,10.645424897265505,1.1,intel,intel pentium,4.0,интегрированная,0.0,15.0,256,8,False,пластик,6.0
hp,10.819778284410283,2.6,amd,amd ryzen,2.0,radeon,8.0,15.0,256,8,False,пластик,7.0
other,11.736069016284437,2.0,intel,intel core i5,8.0,geforce rtx,6.0,17.0,512,16,True,пластик,5.0
other,10.46310334047155,2.0,intel,intel core i3,2.0,интегрированная,0.0,15.0,256,8,True,пластик,5.0
other,10.239959789157341,1.6,intel,intel pentium,4.0,интегрированная,0.0,15.0,0,4,False,пластик,7.0
other,9.852194258148577,1.1,intel,intel celeron,2.0,интегрированная,0.0,14.0,0,4,False,пластик,5.0
asus,11.156250521031495,1.0,intel,intel core i5,4.0,интегрированная,0.0,14.0,512,8,True,пластик,5.0
hp,10.596634733096073,2.4,amd,amd,2.0,radeon,8.0,15.0,256,4,False,пластик,5.0
other,9.798127036878302,1.1,intel,intel celeron,2.0,интегрированная,0.0,11.0,0,4,False,пластик,5.0
hp,11.289781913656018,2.3,amd,amd ryzen,6.0,radeon,8.0,13.0,512,8,False,металл,10.0
other,11.251560700835821,2.1,amd,amd ryzen,6.0,radeon,8.0,14.0,512,16,False,металл,7.0
msi,11.608235644774552,2.7,intel,intel core i5,6.0,geforce rtx,4.0,17.0,512,16,True,металл,5.0
hp,10.596634733096073,1.1,intel,intel pentium,4.0,интегрированная,0.0,15.0,256,4,False,пластик,5.0
other,10.165851817003619,1.1,intel,intel celeron,2.0,интегрированная,0.0,15.0,0,4,False,пластик,8.0
acer,10.819778284410283,2.1,amd,amd ryzen,4.0,radeon,8.0,15.0,512,8,True,пластик,7.0
asus,10.596634733096073,1.1,intel,intel pentium,4.0,интегрированная,0.0,15.0,128,4,True,пластик,5.0
acer,10.819778284410283,1.1,intel,intel pentium,4.0,интегрированная,0.0,14.0,256,4,True,пластик,15.0
other,10.275051108968611,1.1,intel,intel celeron,2.0,интегрированная,0.0,15.0,128,4,False,металл,5.0
other,11.407564949312402,2.8,intel,intel core i7,4.0,интегрированная,0.0,15.0,512,16,True,металл,7.0
acer,11.225243392518447,2.3,amd,amd ryzen,6.0,radeon,8.0,14.0,1024,8,True,металл,13.0
other,9.998797732340453,1.1,intel,intel celeron,2.0,интегрированная,0.0,14.0,0,4,False,пластик,5.0
asus,11.512925464970229,3.1,intel,intel core i5,4.0,интегрированная,0.0,14.0,512,16,True,металл,7.0
other,9.903487552536127,1.6,intel,intel pentium,4.0,интегрированная,0.0,15.0,0,4,False,пластик,5.0
apple,12.301382825334498,3.406612903225807,apple,apple m1,8.0,интегрированная,0.0,15.0,512,16,False,металл,17.0
lenovo,11.350406535472453,3.3,amd,amd ryzen,6.0,geforce rtx,4.0,15.0,512,16,True,пластик,5.0
lenovo,10.915088464214607,2.1,amd,amd ryzen,4.0,radeon,8.0,14.0,512,8,True,пластик,12.0
acer,12.2783933071098,2.3,intel,intel core i7,8.0,geforce rtx,8.0,17.0,512,16,True,пластик,8.0
lenovo,11.350406535472453,3.2,amd,amd ryzen,6.0,geforce rtx,4.0,15.0,512,8,True,пластик,7.775
acer,11.002099841204238,3.0,intel,intel core i3,2.0,интегрированная,0.0,17.0,512,8,True,пластик,8.0
other,11.77528972943772,2.8,intel,intel core i7,4.0,интегрированная,0.0,13.0,512,16,False,металл,7.0
apple,12.429216196844383,3.406612903225807,apple,apple m1,8.0,интегрированная,0.0,15.0,512,16,False,металл,17.0
msi,10.950806546816686,2.1,intel,intel core i3,2.0,интегрированная,0.0,15.0,256,8,True,металл,9.0
msi,12.013700752882718,3.2,amd,amd ryzen,8.0,radeon,10.0,15.0,1024,16,True,металл,5.0
asus,11.156250521031495,1.0,intel,intel core i5,4.0,geforce mx,0.0,14.0,512,8,True,металл,6.911949685534591
other,10.819778284410283,2.1,intel,intel core i3,2.0,интегрированная,0.0,14.0,256,8,True,металл,7.0
lenovo,10.491274217438246,1.2,amd,amd,2.0,radeon,8.0,11.0,0,4,True,пластик,10.0
asus,10.596634733096073,1.1,intel,intel pentium,2.0,geforce mx,0.0,15.0,256,4,True,пластик,5.0
asus,10.308952660644293,1.1,intel,intel celeron,2.0,интегрированная,0.0,14.0,128,4,True,пластик,5.0
apple,11.695247021764184,3.406612903225807,apple,apple m1,8.0,интегрированная,0.0,15.0,512,8,False,металл,18.0
other,11.512925464970229,2.0,intel,intel core i5,8.0,geforce rtx,4.0,15.0,512,16,True,пластик,7.0
lenovo,10.915088464214607,3.0,intel,intel core i3,2.0,интегрированная,0.0,17.0,256,8,True,пластик,11.0
asus,11.695247021764184,2.4,intel,intel core i5,4.0,интегрированная,0.0,14.0,512,8,True,металл,12.0
hp,11.407564949312402,2.7,intel,intel core i5,6.0,geforce rtx,4.0,16.0,256,8,False,металл,6.0
other,11.407564949312402,2.0,intel,intel core i5,8.0,geforce rtx,4.0,15.0,512,16,True,пластик,7.0
other,10.165851817003619,1.6,intel,intel pentium,4.0,интегрированная,0.0,15.0,0,4,False,пластик,4.0
asus,11.918390573078392,3.2,amd,amd ryzen,8.0,radeon,8.0,14.0,512,16,True,металл,6.0
asus,11.407564949312402,2.2,intel,intel core i5,6.0,geforce rtx,4.0,15.0,512,16,True,пластик,6.0
other,11.918390573078392,3.2,amd,amd ryzen,8.0,geforce rtx,8.0,15.0,512,16,True,металл,5.0
msi,12.100712129872347,3.5,intel,intel core i7,14.0,geforce rtx,6.0,15.0,512,16,True,металл,6.0
lenovo,11.407564949312402,2.3,amd,amd ryzen,6.0,radeon,8.0,15.0,512,8,True,металл,14.0
lenovo,10.819778284410283,1.1,intel,intel celeron,2.0,интегрированная,0.0,15.0,256,8,True,пластик,5.0
asus,11.156250521031495,3.0,intel,intel core i3,2.0,интегрированная,0.0,15.0,512,16,True,пластик,7.0
other,11.56171562913966,2.5,intel,intel core i5,4.0,интегрированная,0.0,14.0,512,16,True,металл,15.0
asus,11.512925464970229,2.4,intel,intel core i5,4.0,интегрированная,0.0,15.0,512,16,True,металл,7.0
lenovo,10.819778284410283,2.1,amd,amd ryzen,6.0,radeon,8.0,15.0,0,12,True,пластик,9.0
acer,11.512925464970229,2.1,amd,amd ryzen,6.0,radeon,8.0,14.0,512,16,False,металл,12.0
acer,11.225243392518447,2.3,amd,amd ryzen,6.0,radeon,8.0,14.0,1024,8,True,металл,13.0
acer,11.407564949312402,2.1,amd,amd ryzen,6.0,radeon,8.0,14.0,512,8,True,металл,9.0
asus,10.645424897265505,1.1,intel,intel pentium,4.0,интегрированная,0.0,14.0,128,4,True,пластик,12.0
asus,11.225243392518447,1.3,intel,intel core i7,4.0,geforce mx,0.0,15.0,512,8,False,металл,6.911949685534591
other,11.512925464970229,2.4,intel,intel core i5,6.0,geforce rtx,4.0,15.0,512,16,True,пластик,5.0
asus,11.082142548877775,1.0,intel,intel core i5,4.0,интегрированная,0.0,15.0,512,8,True,пластик,5.0
other,9.546812608597396,1.1,intel,intel celeron,2.0,интегрированная,0.0,11.0,0,4,False,пластик,7.0
lenovo,11.512925464970229,3.2,amd,amd ryzen,6.0,geforce rtx,4.0,15.0,512,16,True,пластик,7.775
asus,11.512925464970229,2.4,intel,intel core i5,4.0,интегрированная,0.0,15.0,512,16,True,металл,5.0
apple,12.01974306733868,3.406612903225807,apple,apple m2,8.0,интегрированная,0.0,15.0,512,8,False,металл,20.0
acer,10.308952660644293,1.1,intel,intel celeron,2.0,интегрированная,0.0,15.0,128,4,True,пластик,7.0
asus,11.225243392518447,3.3,amd,amd ryzen,6.0,radeon,8.0,14.0,512,16,True,металл,8.0
other,9.546812608597396,1.44,intel,intel,4.0,интегрированная,0.0,10.0,64,2,False,пластик,5.0
other,9.792555991828847,1.1,intel,intel celeron,2.0,интегрированная,0.0,11.0,0,4,False,пластик,8.0
acer,10.915088464214607,1.1,intel,intel pentium,4.0,интегрированная,0.0,14.0,256,8,True,пластик,9.0
other,11.407564949312402,2.8,intel,intel core i7,4.0,интегрированная,0.0,14.0,512,16,True,металл,11.0
asus,11.156250521031495,2.6,amd,amd ryzen,4.0,radeon,8.0,14.0,256,8,False,пластик,9.0
msi,11.512925464970229,2.7,intel,intel core i5,6.0,geforce rtx,4.0,17.0,512,16,True,металл,5.0
msi,12.043553716032399,3.5,intel,intel core i7,14.0,geforce rtx,8.0,17.0,512,16,True,металл,8.0
asus,10.915088464214607,3.0,intel,intel core i3,2.0,интегрированная,0.0,15.0,256,8,True,пластик,6.0
asus,11.407564949312402,1.3,intel,intel core i7,4.0,интегрированная,0.0,14.0,512,16,True,пластик,5.0
other,11.156250521031495,2.1,amd,amd ryzen,6.0,radeon,8.0,14.0,512,8,True,металл,11.0
asus,10.596634733096073,1.1,intel,intel celeron,2.0,интегрированная,0.0,14.0,128,4,True,пластик,6.0
asus,11.002099841204238,3.0,intel,intel core i3,2.0,интегрированная,0.0,15.0,512,8,True,пластик,5.0
other,11.512925464970229,1.8,intel,intel core i5,4.0,интегрированная,0.0,12.0,512,16,False,металл,7.0
asus,11.225243392518447,2.9,amd,amd ryzen,8.0,geforce gtx,4.0,15.0,512,8,True,пластик,6.0
other,9.903487552536127,1.1,intel,intel celeron,2.0,интегрированная,0.0,14.0,0,4,False,пластик,3.0
hp,11.156250521031495,2.4,intel,intel core i5,4.0,интегрированная,0.0,15.0,512,16,True,пластик,5.0
acer,10.434115803598297,1.1,intel,intel celeron,2.0,интегрированная,0.0,14.0,0,4,True,металл,15.0
asus,12.468436909997664,2.3,intel,intel core i7,8.0,other,6.0,16.0,1024,32,True,металл,6.0
apple,11.84939770159144,3.406612903225807,apple,apple m2,8.0,интегрированная,0.0,15.0,256,8,False,металл,16.626168224299064
asus,11.002099841204238,1.2,intel,intel core i3,2.0,интегрированная,0.0,14.0,512,8,True,пластик,7.0
lenovo,11.002099841204238,2.4,intel,intel core i5,4.0,интегрированная,0.0,15.0,512,8,True,пластик,5.0
asus,12.043553716032399,3.2,amd,amd ryzen,8.0,geforce rtx,4.0,15.0,512,16,True,металл,5.0
asus,12.043553716032399,2.9,amd,amd ryzen,8.0,geforce rtx,6.0,17.0,512,16,True,пластик,6.0
lenovo,10.126631103850338,1.1,intel,intel pentium,4.0,интегрированная,0.0,14.0,128,4,True,пластик,8.0
hp,11.77528972943772,3.3,amd,amd ryzen,6.0,radeon,8.0,16.0,512,16,False,металл,9.0
asus,10.126631103850338,1.1,intel,intel celeron,2.0,интегрированная,0.0,11.0,128,4,True,пластик,7.0
asus,10.933106969717286,3.0,intel,intel core i3,2.0,geforce mx,0.0,15.0,256,8,False,пластик,6.0
acer,11.002099841204238,2.1,amd,amd ryzen,6.0,radeon,8.0,14.0,512,8,True,металл,7.0
acer,11.407564949312402,2.1,amd,amd ryzen,6.0,geforce rtx,4.0,15.0,512,8,True,пластик,10.0
asus,10.819778284410283,1.1,intel,intel pentium,2.0,geforce mx,0.0,15.0,256,8,True,пластик,5.0
asus,11.77528972943772,3.2,amd,amd ryzen,8.0,radeon,8.0,14.0,512,16,True,металл,7.0
hp,11.350406535472453,2.4617924528301884,amd,amd ryzen,6.0,radeon,8.0,13.0,512,16,False,металл,15.0
asus,10.915088464214607,1.2,intel,intel core i3,2.0,интегрированная,0.0,14.0,512,8,True,пластик,6.0
lenovo,11.49272275765271,2.4,intel,intel core i5,4.0,интегрированная,0.0,14.0,512,8,True,металл,8.0
msi,11.669929213779893,2.5,intel,intel core i5,4.0,интегрированная,0.0,16.0,1024,16,True,металл,7.0
apple,11.84939770159144,3.406612903225807,apple,apple m2,8.0,интегрированная,0.0,15.0,256,8,False,металл,20.0
apple,12.409013489526863,3.406612903225807,apple,apple m1,10.0,интегрированная,0.0,15.0,512,16,False,металл,21.0
hp,11.652687407345386,3.3,amd,amd ryzen,6.0,geforce rtx,4.0,16.0,512,8,False,металл,8.0
other,9.798127036878302,1.1,intel,intel celeron,2.0,интегрированная,0.0,14.0,0,4,False,пластик,7.0
other,9.903487552536127,1.1,intel,intel celeron,2.0,интегрированная,0.0,14.0,0,4,False,пластик,6.0
hp,11.002099841204238,1.3,intel,intel core i5,10.0,интегрированная,0.0,15.0,512,8,True,пластик,6.0
lenovo,11.512925464970229,3.1,intel,intel core i5,4.0,geforce rtx,4.0,15.0,512,16,True,пластик,7.775
asus,11.84939770159144,3.3,amd,amd ryzen,6.0,radeon,8.0,14.0,512,16,True,металл,7.0
other,9.740968623038352,1.1,intel,intel celeron,2.0,интегрированная,0.0,11.0,0,4,False,пластик,8.0
other,9.852194258148577,1.1,intel,intel celeron,2.0,интегрированная,0.0,14.0,128,4,False,пластик,8.0
other,10.933106969717286,2.4,intel,intel core i5,4.0,интегрированная,0.0,14.0,512,8,True,металл,7.0
asus,12.072541252905651,3.0,intel,intel core i7,4.0,geforce mx,0.0,14.0,512,16,True,металл,9.0
msi,12.100712129872347,3.3,amd,amd ryzen,8.0,radeon,10.0,15.0,1024,32,True,металл,6.0
lenovo,11.440354772135393,3.1,intel,intel core i5,4.0,geforce rtx,4.0,15.0,512,8,True,пластик,7.775
asus,11.407564949312402,2.4,intel,intel core i5,4.0,интегрированная,0.0,13.0,512,8,True,металл,9.0
lenovo,11.350406535472453,3.3,amd,amd ryzen,6.0,geforce rtx,4.0,15.0,512,16,True,пластик,7.0
asus,10.596634733096073,1.1,intel,intel celeron,2.0,интегрированная,0.0,15.0,0,4,True,пластик,6.0
asus,11.289781913656018,1.0,intel,intel core i5,4.0,интегрированная,0.0,14.0,512,8,True,металл,6.911949685534591
other,9.798127036878302,1.1,intel,intel celeron,2.0,интегрированная,0.0,14.0,0,4,False,пластик,7.0
asus,10.308952660644293,1.1,intel,intel celeron,2.0,интегрированная,0.0,15.0,256,8,True,пластик,9.0
lenovo,11.289781913656018,3.3,amd,amd ryzen,6.0,geforce rtx,4.0,15.0,512,8,True,пластик,7.0
other,12.429216196844383,2.5,intel,intel,14.0,geforce rtx,8.0,16.0,2048,32,True,металл,5.0
other,10.404262840448617,1.5,amd,amd,2.0,radeon,8.0,14.0,0,4,True,пластик,8.0
acer,10.545341438708522,1.1,intel,intel celeron,2.0,интегрированная,0.0,14.0,128,4,True,пластик,7.0
lenovo,11.002099841204238,2.4,intel,intel core i5,4.0,geforce mx,0.0,15.0,0,8,True,пластик,6.0
asus,11.512925464970229,3.1,intel,intel core i5,4.0,интегрированная,0.0,14.0,512,8,True,металл,5.0
hp,11.695247021764184,3.3,amd,amd ryzen,6.0,geforce rtx,4.0,16.0,512,8,False,металл,8.0
apple,11.84939770159144,3.406612903225807,apple,apple m2,8.0,интегрированная,0.0,15.0,256,8,False,металл,18.0
asus,11.84939770159144,3.1,intel,intel core i5,4.0,geforce rtx,4.0,16.0,512,16,True,металл,5.0
asus,11.082142548877775,3.0,intel,intel core i3,2.0,интегрированная,0.0,15.0,512,8,True,пластик,6.0
asus,11.77528972943772,2.4,intel,intel core i5,4.0,интегрированная,0.0,14.0,512,16,True,металл,12.0
other,10.404262840448617,1.5,amd,amd,2.0,radeon,8.0,14.0,0,4,True,пластик,8.0
asus,11.608235644774552,3.1,intel,intel core i5,4.0,geforce rtx,4.0,15.0,512,8,True,металл,7.0
asus,11.512925464970229,2.4,intel,intel core i5,4.0,интегрированная,0.0,15.0,512,16,True,металл,6.0
lenovo,11.264464105671728,2.4,intel,intel core i5,4.0,интегрированная,0.0,15.0,256,8,True,металл,6.0
apple,12.706847933442663,3.406612903225807,apple,apple m1,10.0,интегрированная,0.0,15.0,1024,32,False,металл,21.0
asus,10.87804719253426,3.0,intel,intel core i3,2.0,интегрированная,0.0,15.0,256,8,True,пластик,5.0
other,10.920528187510426,3.0,intel,intel core i3,2.0,интегрированная,0.0,15.0,256,4,True,пластик,5.0
hp,10.839580911706463,2.1,amd,amd ryzen,4.0,radeon,8.0,15.0,256,8,True,пластик,10.0
hp,11.407564949312402,2.8,intel,intel core i7,4.0,интегрированная,0.0,15.0,512,16,True,пластик,5.0
hp,10.126631103850338,2.3,amd,amd,2.0,radeon,8.0,15.0,0,4,True,пластик,7.0
asus,10.596634733096073,2.6,amd,amd ryzen,2.0,radeon,8.0,15.0,256,8,True,пластик,6.0
apple,12.611537753638338,3.406612903225807,apple,apple m1,10.0,интегрированная,0.0,15.0,1024,16,False,металл,17.0
apple,11.982929094215963,3.406612903225807,apple,apple m2,8.0,интегрированная,0.0,15.0,512,8,False,металл,18.0
apple,11.84939770159144,3.406612903225807,apple,apple m2,8.0,интегрированная,0.0,15.0,256,8,False,металл,16.626168224299064
acer,10.392067567354799,1.1,intel,intel pentium,4.0,интегрированная,0.0,15.0,128,4,True,пластик,6.0
asus,11.225243392518447,2.4,intel,intel core i5,4.0,интегрированная,0.0,13.0,512,8,True,металл,13.0
asus,11.289781913656018,1.0,intel,intel core i5,4.0,geforce mx,0.0,14.0,512,8,True,пластик,8.0
asus,11.350406535472453,2.2,intel,intel core i5,6.0,geforce rtx,4.0,15.0,512,16,True,пластик,6.0
apple,11.982929094215963,3.406612903225807,apple,apple m2,8.0,интегрированная,0.0,15.0,512,8,False,металл,20.0
hp,11.887931365593683,3.1,intel,intel core i5,4.0,geforce rtx,4.0,17.0,512,8,True,пластик,4.0
other,9.798127036878302,1.1,intel,intel celeron,2.0,интегрированная,0.0,14.0,0,4,False,пластик,5.0
asus,11.84939770159144,2.4,intel,intel core i5,4.0,geforce mx,0.0,14.0,512,16,False,металл,9.0
lenovo,10.950806546816686,2.4,intel,intel core i5,4.0,интегрированная,0.0,15.0,0,8,True,пластик,6.0
hp,11.512925464970229,3.3,amd,amd ryzen,6.0,geforce rtx,4.0,16.0,512,16,True,пластик,6.0
lenovo,11.002099841204238,1.8,amd,amd ryzen,8.0,radeon,8.0,14.0,512,12,True,пластик,11.0
asus,11.652687407345386,2.9,amd,amd ryzen,8.0,geforce rtx,4.0,17.0,512,16,False,металл,7.0
asus,11.608235644774552,2.4,intel,intel core i5,4.0,интегрированная,0.0,14.0,512,8,True,металл,5.0
other,10.404262840448617,1.1,intel,intel celeron,2.0,интегрированная,0.0,14.0,0,4,True,пластик,8.0
lenovo,11.56171562913966,3.1,intel,intel core i5,4.0,geforce rtx,4.0,15.0,512,16,True,пластик,7.775
asus,10.434115803598297,1.1,intel,intel celeron,2.0,интегрированная,0.0,15.0,256,8,True,пластик,9.0
msi,12.206072645530174,2.3,intel,intel core i7,8.0,geforce rtx,8.0,17.0,1024,16,True,металл,6.0
apple,12.506177237980511,3.406612903225807,apple,apple m1,10.0,интегрированная,0.0,15.0,1024,16,False,металл,17.0
hp,11.034889664027228,3.0,intel,intel core i3,2.0,интегрированная,0.0,13.0,256,8,True,металл,13.0
msi,12.388394202324127,2.5,intel,intel,14.0,geforce rtx,8.0,17.0,1024,32,True,пластик,5.0
apple,12.468436909997664,3.406612903225807,apple,apple m1,10.0,интегрированная,0.0,15.0,512,16,False,металл,21.0
asus,10.596634733096073,1.1,intel,intel celeron,2.0,интегрированная,0.0,14.0,0,4,True,пластик,7.0
apple,12.706847933442663,3.406612903225807,apple,apple m1,10.0,интегрированная,0.0,15.0,1024,32,False,металл,21.0
asus,11.512925464970229,3.3,intel,intel core i7,4.0,интегрированная,0.0,14.0,512,16,True,металл,6.0
lenovo,11.407564949312402,2.4,intel,intel core i5,4.0,интегрированная,0.0,14.0,256,8,True,металл,8.0
apple,11.813030057420566,3.406612903225807,apple,apple m1,8.0,интегрированная,0.0,15.0,256,8,False,металл,20.0
asus,12.611537753638338,3.3,amd,amd ryzen,8.0,geforce rtx,8.0,16.0,1024,32,True,пластик,6.0
asus,11.608235644774552,2.9,amd,amd ryzen,8.0,geforce rtx,4.0,15.0,512,16,True,пластик,6.0
apple,12.89921982609012,2.4,intel,intel,8.0,radeon,8.0,15.0,8192,32,False,металл,11.0
apple,12.542544882151386,3.406612903225807,apple,apple m1,10.0,интегрированная,0.0,15.0,1024,16,False,металл,21.0
hp,11.225243392518447,2.4,intel,intel core i5,4.0,интегрированная,0.0,13.0,256,8,False,металл,10.0
asus,10.308952660644293,1.1,intel,intel celeron,2.0,интегрированная,0.0,15.0,128,2,True,пластик,5.0
other,9.903487552536127,1.6,intel,intel pentium,4.0,интегрированная,0.0,15.0,0,4,False,пластик,5.0
asus,11.156250521031495,3.0,amd,amd ryzen,6.0,geforce gtx,4.0,15.0,512,8,True,металл,5.0
apple,11.736069016284437,3.406612903225807,apple,apple m2,8.0,интегрированная,0.0,15.0,256,8,False,металл,16.626168224299064
apple,12.611537753638338,3.406612903225807,apple,apple m1,10.0,интегрированная,0.0,15.0,1024,16,False,металл,17.0
apple,13.049792684569493,2.9,intel,intel,4.072953736654804,radeon,8.0,15.0,4096,32,False,металл,10.0
other,10.404262840448617,1.1,intel,intel celeron,2.0,интегрированная,0.0,14.0,0,4,True,пластик,8.0
acer,10.507803519389457,2.6,amd,amd ryzen,2.0,radeon,8.0,15.0,128,4,True,пластик,6.0
msi,11.84939770159144,1.7,intel,intel core i5,12.0,интегрированная,0.0,13.0,1024,16,True,металл,9.0
lenovo,10.712193073730345,2.3,amd,amd ryzen,6.0,radeon,8.0,15.0,256,4,True,пластик,9.0
hp,10.332017933575289,1.1,intel,intel celeron,2.0,интегрированная,0.0,15.0,128,4,True,пластик,7.0
lenovo,11.554067408301403,3.1,intel,intel core i5,4.0,geforce rtx,4.0,15.0,512,8,True,пластик,5.0
lenovo,10.404262840448617,1.4,amd,amd,2.0,radeon,8.0,14.0,128,4,True,пластик,7.0
other,11.140411457001749,2.1,amd,amd ryzen,4.0,radeon,8.0,15.0,256,8,True,пластик,5.0
msi,11.915051671812877,2.9,intel,intel core i7,4.0,geforce gtx,4.0,14.0,1024,16,False,металл,10.0
acer,10.431170293368542,1.2,amd,amd,2.0,radeon,8.0,15.0,256,4,True,пластик,9.0
lenovo,10.837618202538614,2.6,amd,amd ryzen,4.0,radeon,8.0,15.0,256,8,True,пластик,9.0
msi,11.831379196088763,2.5,intel,intel core i5,4.0,geforce rtx,4.0,15.0,512,16,True,металл,16.0
msi,11.810805362398455,3.0,intel,intel core i7,4.0,geforce gtx,4.0,14.0,1024,16,False,металл,10.0
lenovo,10.529425983402623,1.8,intel,intel celeron,2.0,интегрированная,0.0,17.0,128,4,True,пластик,5.0
asus,10.596634733096073,3.0,intel,intel core i3,2.0,интегрированная,0.0,14.0,128,4,True,пластик,5.0
acer,10.419300717813158,2.3,amd,amd,2.0,radeon,8.0,15.0,128,4,True,пластик,9.0
other,11.391887136593171,2.3,amd,amd ryzen,4.0,radeon,8.0,15.0,512,8,True,пластик,5.0
asus,11.918390573078392,3.2,amd,amd ryzen,8.0,geforce rtx,4.0,15.0,512,16,True,металл,7.0
hp,10.703244468154331,2.4,amd,amd,2.0,radeon,8.0,15.0,256,4,True,пластик,7.0
msi,11.560762794384388,2.3,intel,intel core i7,8.0,geforce rtx,4.0,15.0,512,8,True,металл,5.0
asus,11.065074640365626,3.0,intel,intel core i3,2.0,интегрированная,0.0,15.0,256,8,True,металл,5.0
apple,11.982929094215963,3.406612903225807,apple,apple m2,8.0,интегрированная,0.0,15.0,512,8,False,металл,16.626168224299064
msi,11.77528972943772,2.9,intel,intel core i7,4.0,geforce gtx,4.0,14.0,1024,16,False,металл,10.0
lenovo,10.712193073730345,2.0,intel,intel pentium,2.0,интегрированная,0.0,17.0,128,4,True,пластик,5.0
msi,12.001505479788898,2.5,intel,intel core i5,4.0,интегрированная,0.0,16.0,512,16,False,металл,11.0
msi,11.3384649292281,2.7,intel,intel core i5,6.0,geforce rtx,4.0,14.0,256,8,True,пластик,6.0
acer,10.858998997563564,1.0,intel,intel core i5,4.0,интегрированная,0.0,15.0,512,8,False,пластик,8.0
lenovo,10.75577295443437,3.0,intel,intel core i3,2.0,интегрированная,0.0,15.0,256,8,False,пластик,5.0
hp,11.042777825355497,1.2,intel,intel core i3,2.0,интегрированная,0.0,15.0,512,8,True,пластик,8.0
other,10.064372648053764,2.7,intel,intel celeron,2.0,интегрированная,0.0,14.0,240,8,True,пластик,5.0
other,11.082142548877775,3.1,intel,intel core i5,4.0,интегрированная,0.0,15.0,256,8,True,пластик,8.0
acer,11.097273648073832,2.4,intel,intel core i5,4.0,интегрированная,0.0,14.0,512,8,True,пластик,11.0
lenovo,11.298493854258039,1.8,amd,amd ryzen,8.0,radeon,8.0,15.0,512,16,True,пластик,7.0
asus,11.396391648714276,2.7,intel,intel core i5,6.0,geforce rtx,4.0,15.0,512,8,True,металл,9.0
apple,12.049418835484797,3.406612903225807,apple,apple m1,8.0,интегрированная,0.0,15.0,2048,8,False,металл,18.0
lenovo,11.25285855955142,1.8,amd,amd ryzen,8.0,radeon,8.0,15.0,512,16,True,пластик,7.0
apple,12.128062454228429,3.22,apple,apple m1,10.0,интегрированная,0.0,15.0,512,16,False,металл,16.626168224299064
lenovo,11.034889664027228,3.0,intel,intel core i3,2.0,интегрированная,0.0,15.0,512,8,True,пластик,6.0
msi,11.50891744357269,2.9,intel,intel core i7,4.0,geforce mx,0.0,14.0,512,16,True,металл,9.0
lenovo,10.485703172388792,1.8,intel,intel celeron,2.0,интегрированная,0.0,15.0,256,4,True,пластик,6.0
asus,10.46310334047155,1.1,intel,intel pentium,2.0,geforce mx,0.0,14.0,256,4,True,пластик,5.0
other,11.5218852063417,2.4,intel,intel core i5,4.0,geforce mx,0.0,15.0,512,8,True,пластик,5.0
hp,11.532728092266408,1.9,amd,amd ryzen,8.0,radeon,8.0,15.0,512,8,True,пластик,8.0
asus,10.30865261563529,1.1,intel,intel,2.0,интегрированная,0.0,14.0,128,4,True,пластик,6.0
lenovo,10.783114300038692,2.6,amd,amd ryzen,4.0,radeon,8.0,15.0,256,8,True,пластик,8.0
asus,10.357742824813725,1.1,intel,intel celeron,2.0,интегрированная,0.0,14.0,0,4,True,пластик,10.0
hp,11.116915515632819,1.8,amd,amd ryzen,8.0,radeon,8.0,15.0,256,8,True,пластик,7.0
acer,11.097410021008562,1.0,intel,intel core i5,4.0,интегрированная,0.0,15.0,256,4,False,пластик,8.0
acer,11.080464218191493,2.4,intel,intel core i5,4.0,интегрированная,0.0,14.0,512,8,True,пластик,11.0
apple,11.957553592259716,3.49,apple,apple m2,8.0,интегрированная,0.0,15.0,512,8,False,металл,16.626168224299064
apple,11.820343986057841,3.49,apple,apple m2,8.0,интегрированная,0.0,15.0,256,8,False,металл,16.626168224299064
apple,11.957553592259716,3.49,apple,apple m2,8.0,интегрированная,0.0,15.0,512,8,False,металл,16.626168224299064
apple,12.128062454228429,3.22,apple,apple m1,10.0,интегрированная,0.0,15.0,512,16,False,металл,16.626168224299064
apple,11.957553592259716,3.49,apple,apple m2,8.0,интегрированная,0.0,15.0,512,8,False,металл,16.626168224299064
apple,12.350134027705968,3.22,apple,apple m1,10.0,интегрированная,0.0,15.0,512,16,False,металл,16.626168224299064
apple,12.350134027705968,3.22,apple,apple m1,10.0,интегрированная,0.0,15.0,512,16,False,металл,16.626168224299064
apple,12.128062454228429,3.22,apple,apple m1,10.0,интегрированная,0.0,15.0,512,16,False,металл,16.626168224299064
apple,11.820343986057841,3.49,apple,apple m2,8.0,интегрированная,0.0,15.0,256,8,False,металл,16.626168224299064
apple,11.957553592259716,3.49,apple,apple m2,8.0,интегрированная,0.0,15.0,512,8,False,металл,16.626168224299064
apple,11.820343986057841,3.49,apple,apple m2,8.0,интегрированная,0.0,15.0,256,8,False,металл,16.626168224299064
apple,12.128062454228429,3.22,apple,apple m1,10.0,интегрированная,0.0,15.0,512,16,False,металл,16.626168224299064
apple,12.128062454228429,3.22,apple,apple m1,10.0,интегрированная,0.0,15.0,512,16,False,металл,16.626168224299064
apple,11.957553592259716,3.49,apple,apple m2,8.0,интегрированная,0.0,15.0,512,8,False,металл,16.626168224299064
apple,11.957553592259716,3.49,apple,apple m2,8.0,интегрированная,0.0,15.0,512,8,False,металл,16.626168224299064
apple,12.350134027705968,3.22,apple,apple m1,10.0,интегрированная,0.0,15.0,512,16,False,металл,16.626168224299064
apple,11.820343986057841,3.49,apple,apple m2,8.0,интегрированная,0.0,15.0,256,8,False,металл,16.626168224299064
apple,12.350134027705968,3.22,apple,apple m1,10.0,интегрированная,0.0,15.0,512,16,False,металл,16.626168224299064
apple,12.128062454228429,3.22,apple,apple m1,10.0,интегрированная,0.0,15.0,512,16,False,металл,16.626168224299064
apple,11.957553592259716,3.49,apple,apple m2,8.0,интегрированная,0.0,15.0,512,8,False,металл,16.626168224299064
apple,11.957553592259716,3.49,apple,apple m2,8.0,интегрированная,0.0,15.0,512,8,False,металл,16.626168224299064
apple,11.957553592259716,3.49,apple,apple m2,8.0,интегрированная,0.0,15.0,512,8,False,металл,16.626168224299064
apple,12.128062454228429,3.22,apple,apple m1,10.0,интегрированная,0.0,15.0,512,16,False,металл,16.626168224299064
apple,11.820343986057841,3.49,apple,apple m2,8.0,интегрированная,0.0,15.0,256,8,False,металл,16.626168224299064
apple,11.957553592259716,3.49,apple,apple m2,8.0,интегрированная,0.0,15.0,512,8,False,металл,16.626168224299064
other,11.835008964139341,2.1,intel,intel core i7,12.0,интегрированная,0.0,14.0,1024,16,False,металл,8.0
apple,11.511924964636645,3.406612903225807,apple,apple m1,8.0,интегрированная,0.0,15.0,256,8,False,металл,18.0
apple,11.820343986057841,3.49,apple,apple m2,8.0,интегрированная,0.0,15.0,256,8,False,металл,16.626168224299064
apple,11.820343986057841,3.49,apple,apple m2,8.0,интегрированная,0.0,15.0,256,8,False,металл,16.626168224299064
apple,11.957553592259716,3.49,apple,apple m2,8.0,интегрированная,0.0,15.0,512,8,False,металл,16.626168224299064
apple,11.957553592259716,3.49,apple,apple m2,8.0,интегрированная,0.0,15.0,512,8,False,металл,16.626168224299064
apple,11.511924964636645,3.406612903225807,apple,apple m1,8.0,интегрированная,0.0,15.0,256,8,False,металл,18.0
hp,10.691944912900398,2.7,amd,amd ryzen,4.0,radeon,8.0,15.0,256,8,True,пластик,8.0
apple,11.820343986057841,3.49,apple,apple m2,8.0,интегрированная,0.0,15.0,256,8,False,металл,16.626168224299064
apple,11.820343986057841,3.49,apple,apple m2,8.0,интегрированная,0.0,15.0,256,8,False,металл,16.626168224299064
apple,11.820343986057841,3.49,apple,apple m2,8.0,интегрированная,0.0,15.0,256,8,False,металл,16.626168224299064
apple,11.957553592259716,3.49,apple,apple m2,8.0,интегрированная,0.0,15.0,512,8,False,металл,16.626168224299064
apple,11.820343986057841,3.49,apple,apple m2,8.0,интегрированная,0.0,15.0,256,8,False,металл,16.626168224299064
apple,11.820343986057841,3.49,apple,apple m2,8.0,интегрированная,0.0,15.0,256,8,False,металл,16.626168224299064
apple,11.820343986057841,3.49,apple,apple m2,8.0,интегрированная,0.0,15.0,256,8,False,металл,16.626168224299064
asus,10.257343526911061,1.1,intel,intel,2.0,интегрированная,0.0,14.0,256,4,True,пластик,6.0
apple,11.820343986057841,3.49,apple,apple m2,8.0,интегрированная,0.0,15.0,256,8,False,металл,16.626168224299064
apple,11.820343986057841,3.49,apple,apple m2,8.0,интегрированная,0.0,15.0,256,8,False,металл,16.626168224299064
hp,11.002099841204238,2.1,amd,amd ryzen,6.0,radeon,8.0,15.0,512,8,False,металл,8.0
apple,11.820343986057841,3.49,apple,apple m2,8.0,интегрированная,0.0,15.0,256,8,False,металл,16.626168224299064
apple,11.957553592259716,3.49,apple,apple m2,8.0,интегрированная,0.0,15.0,512,8,False,металл,16.626168224299064
apple,11.820343986057841,3.49,apple,apple m2,8.0,интегрированная,0.0,15.0,256,8,False,металл,16.626168224299064
apple,11.957553592259716,3.49,apple,apple m2,8.0,интегрированная,0.0,15.0,512,8,False,металл,16.626168224299064
asus,10.915088464214607,2.4,intel,intel core i5,4.0,интегрированная,0.0,14.0,512,8,True,металл,5.0
asus,10.714417768752456,1.1,intel,intel celeron,2.0,интегрированная,0.0,15.0,0,4,True,пластик,5.0
hp,10.462846164547514,2.5,amd,amd,4.0,radeon,8.0,15.0,0,6,True,пластик,7.0
other,10.736396675471232,2.1,intel,intel core i3,2.0,интегрированная,0.0,15.0,256,8,True,металл,7.0
hp,11.002099841204238,2.6,amd,amd ryzen,4.0,radeon,8.0,15.0,256,8,False,пластик,9.0
asus,10.596634733096073,3.0,intel,intel core i3,2.0,интегрированная,0.0,15.0,256,8,True,пластик,5.0
other,11.289781913656018,2.2,intel,intel core i5,6.0,geforce gtx,4.0,15.0,512,16,True,пластик,5.0
other,10.87804719253426,2.1,amd,amd ryzen,6.0,radeon,8.0,15.0,512,8,True,металл,6.759740259740259
msi,11.512925464970229,2.7,intel,intel core i5,6.0,geforce gtx,4.0,17.0,512,8,True,металл,5.0
other,11.45105006125214,3.2,amd,amd ryzen,8.0,radeon,8.0,16.0,512,16,True,металл,12.0
hp,11.002099841204238,2.1,amd,amd ryzen,6.0,radeon,8.0,15.0,256,8,False,пластик,9.0
lenovo,11.350406535472453,3.3,amd,amd ryzen,6.0,geforce gtx,4.0,16.0,512,16,True,металл,10.0
asus,11.156250521031495,1.0,intel,intel core i5,4.0,интегрированная,0.0,15.0,512,16,True,пластик,6.0
other,11.728036844587173,2.1,intel,intel core i7,12.0,интегрированная,0.0,14.0,1024,16,False,металл,8.0
hp,10.819778284410283,2.6,amd,amd ryzen,2.0,radeon,8.0,15.0,256,8,False,пластик,7.0
acer,10.46310334047155,2.1,intel,intel core i3,2.0,интегрированная,0.0,14.0,256,4,True,металл,12.0
other,11.385092093460344,1.8,intel,intel core i5,4.0,интегрированная,0.0,12.0,512,16,False,металл,7.0
msi,11.736069016284437,2.3,intel,intel core i7,8.0,geforce rtx,6.0,17.0,1024,16,True,металл,5.0
acer,10.085809109330082,1.1,intel,intel celeron,2.0,интегрированная,0.0,11.0,0,4,True,металл,12.0
acer,10.126631103850338,1.1,intel,intel celeron,2.0,интегрированная,0.0,15.0,256,4,True,пластик,9.0
hp,11.002099841204238,2.1,amd,amd ryzen,6.0,radeon,8.0,15.0,512,8,False,металл,8.0
lenovo,11.407564949312402,3.2,amd,amd ryzen,8.0,geforce rtx,4.0,15.0,512,8,True,пластик,5.0
asus,10.596634733096073,1.1,intel,intel pentium,4.0,интегрированная,0.0,15.0,256,8,True,пластик,5.0
lenovo,11.289781913656018,3.1,intel,intel core i5,4.0,geforce rtx,4.0,15.0,256,8,True,пластик,8.0
acer,11.238488619268468,2.047629233511587,intel,intel core i5,4.0,geforce gtx,4.0,15.0,512,8,True,пластик,9.79245283018868
other,11.835008964139341,2.1,intel,intel core i7,12.0,интегрированная,0.0,14.0,1024,16,False,металл,8.0
acer,11.225243392518447,3.1,intel,intel core i5,4.0,интегрированная,0.0,16.0,512,8,True,металл,11.0
other,10.596634733096073,2.1,intel,intel core i3,2.0,интегрированная,0.0,15.0,256,8,False,пластик,5.0
apple,12.072541252905651,3.406612903225807,apple,apple m1,8.0,интегрированная,0.0,15.0,512,16,False,металл,17.0
other,11.288531131754366,2.4,intel,intel core i5,4.0,интегрированная,0.0,14.0,512,16,True,металл,7.0
asus,11.407564949312402,2.4617924528301884,amd,amd ryzen,8.0,radeon,8.0,15.0,512,8,False,металл,6.911949685534591
lenovo,11.695247021764184,3.3,amd,amd ryzen,6.0,radeon,8.0,15.0,512,16,True,пластик,6.0
asus,11.407564949312402,2.1,amd,amd ryzen,6.0,radeon,8.0,15.0,512,8,True,металл,6.911949685534591
other,10.545341438708522,2.1,intel,intel core i3,2.0,интегрированная,0.0,15.0,256,8,True,металл,6.759740259740259
other,11.289781913656018,2.1,amd,amd ryzen,6.0,radeon,8.0,14.0,512,16,True,металл,7.0
lenovo,11.002099841204238,3.0,intel,intel core i3,2.0,интегрированная,0.0,15.0,256,8,True,металл,5.0
other,11.695247021764184,3.3,intel,intel core i7,4.0,интегрированная,0.0,14.0,512,16,True,металл,7.0
other,11.407564949312402,2.4,intel,intel core i5,4.0,интегрированная,0.0,14.0,512,16,True,металл,7.0
other,9.852194258148577,1.1,intel,intel celeron,2.0,интегрированная,0.0,15.0,0,4,False,пластик,8.0
acer,10.126631103850338,1.1,intel,intel celeron,2.0,интегрированная,0.0,15.0,256,4,True,пластик,6.0
apple,11.77528972943772,3.406612903225807,apple,apple m1,8.0,интегрированная,0.0,15.0,512,16,False,металл,18.0
asus,11.156250521031495,2.4,intel,intel core i5,4.0,интегрированная,0.0,15.0,256,8,True,пластик,7.0
other,11.84939770159144,2.8,intel,intel core i7,4.0,интегрированная,0.0,13.0,1024,16,False,металл,7.0
acer,10.714417768752456,2.6,amd,amd ryzen,2.0,radeon,8.0,14.0,512,8,True,пластик,9.0
asus,11.350406535472453,2.5,intel,intel core i5,4.0,geforce gtx,4.0,15.0,512,8,True,пластик,7.0
acer,11.156250521031495,2.1,amd,amd ryzen,6.0,geforce gtx,4.0,15.0,256,8,True,пластик,6.0
other,11.225243392518447,2.4,intel,intel core i5,4.0,интегрированная,0.0,15.0,512,16,True,металл,8.0
hp,10.819778284410283,3.0,intel,intel core i3,2.0,интегрированная,0.0,15.0,512,8,False,пластик,7.0
asus,10.596634733096073,2.6,amd,amd ryzen,2.0,radeon,8.0,15.0,256,8,False,пластик,6.911949685534591
other,11.002099841204238,1.6,core,core,4.0,интегрированная,0.0,15.0,512,8,True,металл,7.0
acer,11.289781913656018,2.1,amd,amd ryzen,6.0,geforce gtx,4.0,14.0,512,8,True,металл,17.0
apple,11.407564949312402,3.406612903225807,apple,apple m1,8.0,интегрированная,0.0,15.0,256,8,False,металл,18.0
lenovo,10.477287975463506,2.1,intel,intel core i3,2.0,интегрированная,0.0,14.0,256,4,True,пластик,7.0
hp,10.46310334047155,1.1,intel,intel celeron,4.0,интегрированная,0.0,15.0,256,4,False,пластик,5.0
other,9.210340371976182,1.1,intel,intel celeron,4.0,интегрированная,0.0,10.0,32,3,False,пластик,5.0
other,10.645424897265505,2.1,intel,intel core i3,2.0,интегрированная,0.0,15.0,256,8,True,металл,7.0
other,9.852194258148577,1.5,intel,intel celeron,4.0,интегрированная,0.0,13.0,0,4,False,пластик,5.0
asus,10.596634733096073,1.1,intel,intel pentium,2.0,geforce mx,0.0,15.0,256,8,True,пластик,5.0
hp,11.156250521031495,2.3,amd,amd ryzen,6.0,radeon,8.0,14.0,512,16,True,металл,6.0
asus,10.819778284410283,2.0,intel,intel pentium,2.0,интегрированная,0.0,15.0,256,8,True,пластик,6.0
apple,11.407564949312402,3.406612903225807,apple,apple m1,8.0,интегрированная,0.0,15.0,256,8,False,металл,18.0
asus,10.757902880692196,3.0,intel,intel core i3,2.0,интегрированная,0.0,15.0,256,8,True,пластик,6.911949685534591
lenovo,11.736069016284437,3.3,amd,amd ryzen,6.0,radeon,8.0,15.0,1024,16,True,пластик,6.0
acer,10.819778284410283,1.1,intel,intel pentium,4.0,интегрированная,0.0,14.0,256,8,True,пластик,7.0
lenovo,11.695247021764184,3.2,amd,amd ryzen,8.0,geforce rtx,4.0,17.0,512,16,False,пластик,7.775
lenovo,10.085809109330082,1.1,intel,intel celeron,2.0,интегрированная,0.0,14.0,128,4,True,пластик,8.0
lenovo,10.714417768752456,1.8,intel,intel celeron,2.0,интегрированная,0.0,14.0,256,8,True,пластик,6.0
hp,11.608235644774552,2.047629233511587,intel,intel core i5,4.0,интегрированная,0.0,17.0,512,16,False,металл,8.0
hp,11.002099841204238,2.1,amd,amd ryzen,6.0,radeon,8.0,14.0,512,8,False,металл,10.0
hp,11.156250521031495,2.1,amd,amd ryzen,6.0,radeon,8.0,17.0,512,16,False,пластик,8.0
acer,9.680344001221918,1.1,intel,intel celeron,4.0,интегрированная,0.0,11.0,0,4,False,пластик,13.0
acer,10.239959789157341,2.3,amd,amd,2.0,radeon,8.0,14.0,0,4,True,пластик,6.0
hp,11.608235644774552,2.4617924528301884,amd,amd ryzen,6.0,radeon,8.0,13.0,512,16,False,металл,15.0
other,9.903487552536127,1.5,intel,intel celeron,4.0,интегрированная,0.0,15.0,0,4,False,пластик,5.0
other,9.852194258148577,1.1,intel,intel celeron,2.0,интегрированная,0.0,14.0,0,4,False,пластик,5.0
acer,10.736396675471232,1.2,intel,intel core i3,2.0,geforce mx,0.0,15.0,256,8,True,пластик,8.0
other,11.37366339763672,3.2,amd,amd ryzen,8.0,radeon,8.0,16.0,512,16,True,металл,12.0
hp,11.982929094215963,3.2,amd,amd ryzen,8.0,geforce rtx,8.0,16.0,1024,16,False,металл,9.0
acer,10.165851817003619,1.1,intel,intel celeron,2.0,интегрированная,0.0,14.0,0,4,True,пластик,15.0
lenovo,10.950806546816686,2.1,amd,amd ryzen,4.0,radeon,8.0,17.0,256,8,True,пластик,5.0
acer,10.357615832623573,2.1,intel,intel core i3,2.0,geforce mx,0.0,15.0,0,4,True,пластик,8.0
lenovo,9.615205300012315,2.3,intel,intel pentium,2.0,интегрированная,0.0,15.0,128,4,True,пластик,5.0
asus,11.461632170582677,1.8,amd,amd ryzen,8.0,radeon,8.0,15.0,512,16,False,металл,7.0
msi,11.736069016284437,2.7,intel,intel core i5,6.0,geforce rtx,6.0,15.0,512,16,True,пластик,4.0
hp,10.126631103850338,1.1,intel,intel celeron,2.0,интегрированная,0.0,15.0,128,4,False,пластик,6.0
asus,11.918390573078392,3.3,amd,amd ryzen,8.0,geforce rtx,4.0,16.0,512,16,True,металл,7.0
acer,11.350406535472453,2.5,intel,intel core i5,4.0,geforce rtx,4.0,15.0,512,16,True,пластик,9.0
acer,10.819598268208338,2.0,amd,amd ryzen,4.0,radeon,8.0,15.0,256,8,True,пластик,7.0
hp,10.915088464214607,2.6,amd,amd ryzen,4.0,radeon,8.0,14.0,512,8,False,металл,7.0
msi,11.289781913656018,2.3,amd,amd ryzen,6.0,radeon,8.0,15.0,512,8,True,металл,9.0
asus,11.77528972943772,3.3,amd,amd ryzen,6.0,geforce rtx,4.0,15.0,512,16,True,металл,5.0
lenovo,10.596634733096073,1.1,intel,intel celeron,2.0,интегрированная,0.0,15.0,256,8,True,пластик,14.0
acer,11.732060994886899,3.0,qualcomm,qualcomm,8.0,other,6.0,14.0,512,8,False,металл,29.0
other,11.512925464970229,2.4,intel,intel core i5,6.0,geforce rtx,4.0,15.0,512,16,True,пластик,5.0
hp,10.968198289528557,2.1,amd,amd ryzen,6.0,radeon,8.0,15.0,512,8,False,металл,8.0
lenovo,11.512925464970229,2.5,intel,intel core i5,4.0,geforce gtx,4.0,15.0,512,8,False,металл,15.0
lenovo,10.308952660644293,1.4,amd,amd,2.0,radeon,8.0,11.0,0,4,True,пластик,11.0
other,11.84939770159144,2.047629233511587,intel,intel core i7,4.0,интегрированная,0.0,14.0,1024,16,True,металл,6.759740259740259
other,11.608235644774552,2.4,intel,intel core i5,6.0,geforce rtx,6.0,15.0,512,16,True,металл,5.0
asus,11.002099841204238,2.4,intel,intel core i5,4.0,интегрированная,0.0,15.0,512,8,True,пластик,5.0
asus,12.765688433465597,3.0,amd,amd ryzen,8.0,geforce gtx,16.0,13.0,1024,32,True,пластик,9.0
other,11.289781913656018,3.0,amd,amd ryzen,6.0,radeon,8.0,16.0,512,16,True,металл,7.0
asus,11.652687407345386,3.2,amd,amd ryzen,8.0,geforce rtx,4.0,16.0,512,16,True,металл,6.0
acer,11.512925464970229,2.1,amd,amd ryzen,6.0,geforce rtx,4.0,15.0,512,16,True,пластик,10.0
other,9.798127036878302,1.44,intel,intel,4.0,интегрированная,0.0,13.0,0,2,False,пластик,5.0
other,10.757902880692196,3.0,intel,intel core i3,2.0,интегрированная,0.0,15.0,256,8,True,металл,6.0
other,9.433483923290392,1.33,intel,intel,4.0,интегрированная,0.0,13.0,0,2,False,пластик,8.0
other,10.933106969717286,2.4,intel,intel core i5,4.0,интегрированная,0.0,14.0,512,8,True,металл,7.0
asus,11.982929094215963,2.3,intel,intel core i7,8.0,geforce rtx,4.0,16.0,512,16,True,пластик,7.0
hp,11.156250521031495,1.8,amd,amd ryzen,8.0,radeon,8.0,14.0,512,16,False,металл,10.0
other,9.210340371976182,1.1,intel,intel celeron,2.0,интегрированная,0.0,10.0,32,3,False,пластик,5.0
other,11.76756768334381,3.3,intel,intel core i7,4.0,интегрированная,0.0,14.0,512,16,True,металл,7.0
acer,11.289781913656018,2.5,intel,intel core i5,4.0,geforce gtx,4.0,15.0,512,8,True,пластик,6.0
lenovo,11.84939770159144,3.3,intel,intel core i7,4.0,geforce mx,0.0,16.0,1024,16,True,металл,10.0
asus,11.77528972943772,3.2,amd,amd ryzen,8.0,geforce rtx,4.0,15.0,512,16,True,металл,6.0
lenovo,12.03765399390521,1.4,intel,intel core i5,5.0,интегрированная,0.0,13.0,512,8,False,металл,8.0
other,9.903487552536127,1.5,intel,intel celeron,4.0,интегрированная,0.0,15.0,0,4,False,пластик,5.0
asus,9.95208722237219,2.2,intel,intel core i3,2.0,geforce mx,0.0,15.0,0,6,True,пластик,5.0
hp,11.884489021402711,3.3,amd,amd ryzen,6.0,radeon,8.0,16.0,1024,16,False,металл,9.0
apple,11.751942365440728,3.406612903225807,apple,apple m1,8.0,интегрированная,0.0,15.0,256,8,False,металл,20.0
lenovo,10.596409707779776,2.7,intel,intel core i3,2.0,geforce mx,0.0,15.0,128,6,True,пластик,6.0
msi,11.661345470088502,2.5,intel,intel core i5,6.0,geforce rtx,6.0,17.0,512,8,True,металл,5.0
lenovo,11.407564949312402,2.4,intel,intel core i5,4.0,интегрированная,0.0,15.0,512,8,True,металл,16.0
other,11.127262984158243,2.4,intel,intel core i5,4.0,интегрированная,0.0,15.0,512,8,True,металл,7.0
lenovo,10.571316925111784,1.4,amd,amd,2.0,radeon,8.0,11.0,0,4,True,пластик,8.0
lenovo,11.84939770159144,3.2,amd,amd ryzen,8.0,geforce rtx,4.0,16.0,1024,16,False,металл,7.775
hp,11.082004077752629,2.3,intel,intel core i5,4.0,geforce gtx,4.0,17.0,0,8,True,пластик,11.0
lenovo,10.085809109330082,1.2,amd,amd,2.0,radeon,8.0,11.0,0,4,True,пластик,8.0
other,11.251560700835821,2.4,intel,intel core i5,4.0,интегрированная,0.0,14.0,512,16,True,металл,7.0
lenovo,11.082142548877775,1.2,intel,intel core i3,2.0,интегрированная,0.0,14.0,512,8,True,металл,10.0
asus,12.206072645530174,3.3,amd,amd ryzen,8.0,radeon,12.0,15.0,512,16,True,пластик,6.0
apple,11.84939770159144,3.406612903225807,apple,apple m1,8.0,интегрированная,0.0,15.0,512,16,False,металл,18.0
asus,11.407564949312402,2.4,intel,intel core i5,4.0,интегрированная,0.0,15.0,512,16,True,металл,6.0
msi,12.138863895836723,2.3,intel,intel core i7,8.0,geforce rtx,6.0,16.0,1024,16,False,металл,7.0
hp,11.082142548877775,2.4,intel,intel core i5,4.0,geforce mx,0.0,15.0,512,8,True,металл,8.0
acer,9.903037451255743,1.1,intel,intel celeron,2.0,интегрированная,0.0,11.0,0,4,True,металл,9.0
other,11.511924964636645,2.047629233511587,intel,intel core i7,4.0,интегрированная,0.0,14.0,512,16,True,металл,6.759740259740259
lenovo,11.156250521031495,2.4,intel,intel core i5,4.0,интегрированная,0.0,17.0,512,8,True,пластик,6.0
other,10.126631103850338,1.1,intel,intel celeron,4.0,интегрированная,0.0,11.0,128,4,True,пластик,12.0
hp,11.695247021764184,1.9,amd,amd ryzen,8.0,radeon,8.0,13.0,1024,16,False,металл,10.0
apple,11.77528972943772,3.406612903225807,apple,apple m1,8.0,интегрированная,0.0,15.0,512,16,False,металл,18.0
asus,11.982929094215963,2.8,amd,amd ryzen,8.0,geforce rtx,4.0,14.0,512,16,True,пластик,7.0
lenovo,10.308952660644293,1.4,amd,amd,2.0,radeon,8.0,11.0,0,4,True,пластик,8.0
msi,11.440354772135393,2.5,intel,intel core i5,6.0,geforce rtx,4.0,17.0,256,8,True,металл,6.0
apple,12.429216196844383,3.406612903225807,apple,apple m1,10.0,интегрированная,0.0,15.0,1024,16,False,металл,21.0
acer,11.289781913656018,2.4,intel,intel core i5,4.0,интегрированная,0.0,14.0,256,8,True,металл,13.0
asus,9.798127036878302,1.1,intel,intel celeron,2.0,интегрированная,0.0,11.0,0,4,True,пластик,5.0
apple,11.918390573078392,3.406612903225807,apple,apple m1,8.0,интегрированная,0.0,15.0,1024,16,False,металл,18.0
hp,10.933106969717286,2.1,amd,amd ryzen,6.0,geforce mx,0.0,14.0,512,8,False,металл,7.0
lenovo,10.714417768752456,1.2,intel,intel core i3,2.0,интегрированная,0.0,14.0,256,8,True,металл,9.0
asus,12.542544882151386,2.3,intel,intel core i7,8.0,geforce rtx,6.0,16.0,1024,16,True,металл,6.0
acer,11.612770799939945,2.3,amd,amd ryzen,6.0,geforce rtx,4.0,14.0,512,16,True,металл,17.0
lenovo,10.308952660644293,1.2,amd,amd,2.0,radeon,8.0,11.0,0,4,True,пластик,8.0
hp,11.695247021764184,3.1,intel,intel core i5,4.0,geforce rtx,4.0,17.0,512,8,True,пластик,4.0
other,9.852194258148577,1.1,intel,intel celeron,2.0,интегрированная,0.0,15.0,128,4,False,пластик,8.0
msi,11.156250521031495,2.5,intel,intel core i5,4.0,geforce gtx,4.0,15.0,256,8,True,металл,5.0
asus,11.261896710166482,2.4,intel,intel core i5,4.0,интегрированная,0.0,15.0,512,16,True,металл,7.0
asus,10.373491181781864,1.2,intel,intel core i3,2.0,интегрированная,0.0,15.0,256,8,True,пластик,6.0
lenovo,12.611537753638338,1.4,intel,intel core i5,5.0,интегрированная,0.0,13.0,512,8,False,металл,10.0
apple,11.407564949312402,3.406612903225807,apple,apple m1,8.0,интегрированная,0.0,15.0,256,8,False,металл,18.0
apple,12.301382825334498,3.406612903225807,apple,apple m1,10.0,интегрированная,0.0,15.0,512,16,False,металл,17.0
asus,11.156250521031495,2.4,intel,intel core i5,4.0,интегрированная,0.0,15.0,512,8,True,пластик,5.0
msi,11.77528972943772,2.3,intel,intel core i7,8.0,geforce rtx,8.0,15.0,512,16,True,металл,8.0
apple,11.652687407345386,3.406612903225807,apple,apple m1,8.0,интегрированная,0.0,15.0,256,16,False,металл,18.0
hp,10.416311178964792,2.6,amd,amd ryzen,2.0,radeon,8.0,15.0,128,4,True,пластик,7.0
hp,11.512925464970229,2.4,intel,intel core i5,4.0,интегрированная,0.0,13.0,512,8,False,металл,12.0
lenovo,11.082142548877775,1.2,intel,intel core i3,2.0,интегрированная,0.0,14.0,256,8,True,пластик,11.0
asus,11.082142548877775,1.6,intel,intel core i5,4.0,интегрированная,0.0,14.0,512,8,True,металл,9.0
lenovo,10.596634733096073,1.2,intel,intel core i3,2.0,интегрированная,0.0,14.0,256,8,True,пластик,6.0
other,9.94270826568941,1.1,intel,intel celeron,2.0,интегрированная,0.0,15.0,128,4,False,пластик,8.0
acer,10.308952660644293,2.3,amd,amd,2.0,radeon,8.0,15.0,128,4,True,пластик,5.0
apple,11.608235644774552,3.406612903225807,apple,apple m1,8.0,интегрированная,0.0,15.0,512,8,False,металл,18.0
other,9.615805480084347,1.1,intel,intel celeron,2.0,интегрированная,0.0,14.0,0,4,False,пластик,8.0
other,10.46310334047155,2.0,intel,intel core i3,2.0,интегрированная,0.0,15.0,512,8,True,пластик,5.0
acer,10.596634733096073,2.6,amd,amd ryzen,2.0,radeon,8.0,14.0,256,8,True,пластик,9.0
apple,11.608235644774552,3.406612903225807,apple,apple m1,8.0,интегрированная,0.0,15.0,512,8,False,металл,18.0
other,12.043553716032399,2.3,intel,intel core i7,8.0,geforce rtx,6.0,17.0,512,16,True,металл,5.0
hp,11.396391648714276,2.2,intel,intel core i7,6.0,geforce gtx,2.0,17.0,128,8,True,пластик,11.0
asus,12.345834587905332,2.2,intel,intel core i7,8.0,geforce rtx,8.0,15.0,1024,16,False,металл,4.0
lenovo,11.289781913656018,2.4,intel,intel core i5,4.0,интегрированная,0.0,17.0,512,8,True,пластик,6.0
asus,10.915088464214607,3.0,intel,intel core i3,2.0,интегрированная,0.0,15.0,256,8,True,металл,7.0
acer,10.915088464214607,0.0,amd,amd ryzen,6.0,интегрированная,0.0,14.0,512,8,True,пластик,9.79245283018868
lenovo,11.56171562913966,2.4,intel,intel core i5,4.0,интегрированная,0.0,14.0,512,16,True,металл,8.0
asus,10.915088464214607,1.1,intel,intel pentium,4.0,интегрированная,0.0,17.0,256,8,True,пластик,5.0
lenovo,11.390757830996021,2.4,intel,intel core i5,4.0,geforce gtx,4.0,15.0,256,8,False,металл,14.0
apple,11.661345470088502,3.406612903225807,apple,apple m1,8.0,интегрированная,0.0,15.0,256,8,False,металл,20.0
asus,11.84939770159144,2.8,intel,intel core i7,4.0,интегрированная,0.0,14.0,512,16,True,металл,12.0
lenovo,10.920528187510426,1.2,intel,intel core i3,2.0,интегрированная,0.0,15.0,256,8,True,пластик,12.0
msi,11.512925464970229,2.7,intel,intel core i5,6.0,geforce rtx,6.0,15.0,512,8,True,металл,5.0
apple,12.765688433465597,2.6,intel,intel core i7,6.0,radeon,8.0,15.0,8192,16,False,металл,11.0
acer,10.596634733096073,2.6,amd,amd ryzen,2.0,radeon,8.0,15.0,256,8,True,пластик,6.0
asus,11.407564949312402,2.4617924528301884,amd,amd ryzen,8.0,radeon,8.0,15.0,512,8,False,металл,6.911949685534591
hp,10.126631103850338,1.1,intel,intel celeron,2.0,интегрированная,0.0,15.0,256,4,False,металл,8.456692913385826
acer,10.203592144986466,2.4,qualcomm,qualcomm,8.0,other,6.0,14.0,0,4,False,пластик,16.0
lenovo,10.87804719253426,2.1,intel,intel core i3,2.0,интегрированная,0.0,15.0,256,8,True,пластик,6.0
other,9.472704636443673,1.33,intel,intel,4.0,интегрированная,0.0,14.0,0,2,False,пластик,5.0
other,11.56171562913966,2.4,intel,intel core i5,4.0,интегрированная,0.0,14.0,512,8,True,металл,25.0
asus,10.126631103850338,1.1,intel,intel celeron,2.0,интегрированная,0.0,11.0,0,4,False,пластик,12.0
asus,10.126631103850338,1.1,intel,intel pentium,4.0,интегрированная,0.0,14.0,128,4,False,пластик,6.0
acer,11.407564949312402,2.1,amd,amd ryzen,6.0,geforce gtx,4.0,14.0,512,8,True,металл,17.0
hp,10.896739325546411,3.0,intel,intel core i3,2.0,интегрированная,0.0,15.0,512,8,True,пластик,6.0
acer,10.596634733096073,1.1,intel,intel pentium,4.0,интегрированная,0.0,14.0,256,4,True,пластик,15.0
hp,8.881280595070423,1.6,intel,intel celeron,2.0,интегрированная,0.0,15.0,0,4,True,пластик,5.0
hp,10.308952660644293,2.2,intel,intel core i3,2.0,интегрированная,0.0,15.0,256,4,True,пластик,7.0
asus,10.462846164547514,2.4,intel,intel core i3,2.0,интегрированная,0.0,13.0,128,4,True,металл,7.0
asus,10.545341438708522,2.0,intel,intel pentium,2.0,интегрированная,0.0,14.0,128,4,True,пластик,6.0
lenovo,11.225243392518447,2.4,intel,intel core i5,4.0,интегрированная,0.0,13.0,256,8,True,металл,12.0
hp,10.165851817003619,1.1,intel,intel celeron,2.0,интегрированная,0.0,15.0,256,4,False,металл,8.456692913385826
other,9.680344001221918,1.1,intel,intel celeron,2.0,интегрированная,0.0,13.0,0,3,False,металл,6.0
lenovo,11.362102575235644,2.3,amd,amd ryzen,6.0,radeon,8.0,14.0,256,16,True,металл,11.0
asus,11.695247021764184,3.1,intel,intel core i5,4.0,geforce rtx,4.0,16.0,512,8,True,металл,7.0
hp,10.668955394675699,2.6,amd,amd ryzen,2.0,radeon,8.0,14.0,256,8,False,пластик,8.0
hp,10.404262840448617,1.1,intel,intel celeron,2.0,интегрированная,0.0,15.0,256,8,False,пластик,6.0
asus,11.512925464970229,2.4,intel,intel core i5,4.0,интегрированная,0.0,13.0,512,8,True,металл,12.0
asus,11.407564949312402,3.2,amd,amd ryzen,8.0,radeon,8.0,15.0,512,8,True,металл,6.0
apple,11.884489021402711,3.406612903225807,apple,apple m1,8.0,интегрированная,0.0,15.0,256,16,False,металл,20.0
apple,12.254862809699606,3.406612903225807,apple,apple m1,10.0,интегрированная,0.0,15.0,1024,16,False,металл,17.0
hp,10.714417768752456,2.1,intel,intel core i3,2.0,интегрированная,0.0,14.0,512,8,True,металл,14.0
asus,11.695247021764184,2.4,intel,intel core i5,4.0,интегрированная,0.0,14.0,512,16,True,металл,7.0
hp,11.002099841204238,2.3,amd,amd ryzen,6.0,radeon,8.0,17.0,512,8,True,пластик,9.0
asus,11.002099841204238,1.0,intel,intel core i5,4.0,интегрированная,0.0,15.0,256,8,True,пластик,6.0
apple,12.644327576461329,3.406612903225807,apple,apple m1,10.0,интегрированная,0.0,15.0,2048,32,False,металл,21.0
apple,12.577636201962656,3.406612903225807,apple,apple m1,10.0,интегрированная,0.0,15.0,2048,16,False,металл,21.0
lenovo,11.918390573078392,1.4,intel,intel core i5,5.0,интегрированная,0.0,13.0,512,8,False,металл,10.0
apple,11.695247021764184,3.406612903225807,apple,apple m1,8.0,интегрированная,0.0,15.0,512,8,False,металл,18.0
asus,12.611537753638338,3.1,amd,amd ryzen,8.0,geforce rtx,16.0,13.0,1024,32,True,металл,7.0
asus,12.100712129872347,2.3,intel,intel core i7,14.0,geforce rtx,6.0,16.0,512,8,True,пластик,7.0
asus,11.198214720130528,2.5,intel,intel core i5,4.0,geforce gtx,4.0,15.0,512,8,True,пластик,6.0
asus,11.608235644774552,2.7,intel,intel core i5,6.0,geforce rtx,4.0,17.0,512,16,False,металл,7.0
apple,11.77528972943772,3.406612903225807,apple,apple m1,8.0,интегрированная,0.0,15.0,512,16,False,металл,18.0
hp,10.915088464214607,1.0,intel,intel core i5,4.0,интегрированная,0.0,14.0,256,8,True,пластик,10.0
other,11.782952602183288,2.8,intel,intel core i7,4.0,интегрированная,0.0,16.0,512,16,True,металл,16.0
apple,11.887931365593683,3.406612903225807,apple,apple m1,8.0,интегрированная,0.0,15.0,512,8,False,металл,20.0
hp,10.596634733096073,2.4,amd,amd,2.0,radeon,8.0,15.0,256,8,True,пластик,7.0
lenovo,12.577636201962656,3.3,intel,intel,8.0,geforce rtx,16.0,16.0,1024,32,False,металл,5.0
apple,11.951180395901384,2.8,intel,intel core i7,4.072953736654804,интегрированная,0.0,15.0,512,8,False,металл,10.0
lenovo,10.30865261563529,2.3,amd,amd,2.0,radeon,8.0,15.0,128,8,True,пластик,5.0
apple,12.611537753638338,3.406612903225807,apple,apple m1,10.0,интегрированная,0.0,15.0,1024,64,False,металл,17.0
hp,10.203592144986466,2.4,amd,amd,2.0,radeon,8.0,15.0,128,4,False,пластик,7.0
asus,11.512925464970229,2.4,intel,intel core i5,4.0,интегрированная,0.0,13.0,512,8,True,металл,12.0
acer,10.126631103850338,1.1,intel,intel pentium,4.0,интегрированная,0.0,17.0,0,4,True,пластик,5.0
acer,10.38591370178042,2.3,intel,intel core i3,2.0,geforce mx,0.0,15.0,0,4,True,пластик,6.0
lenovo,10.085434038999999,2.3,amd,amd,2.0,radeon,8.0,15.0,0,4,True,пластик,6.0
other,10.308952660644293,2.7,intel,intel core i5,2.0,интегрированная,0.0,15.0,256,8,False,пластик,5.0
acer,10.714417768752456,1.8,intel,intel core i7,4.0,интегрированная,0.0,14.0,256,8,True,металл,12.0
acer,10.43385106267516,2.5,amd,amd ryzen,2.0,radeon,8.0,15.0,0,6,True,пластик,5.0
lenovo,10.308952660644293,1.8,intel,intel celeron,2.0,интегрированная,0.0,15.0,0,4,True,пластик,6.0
acer,10.819778284410283,1.8,intel,intel core i7,4.0,интегрированная,0.0,14.0,256,8,True,металл,12.0
acer,10.91492481446108,2.3,intel,intel core i5,4.0,geforce gtx,4.0,15.0,0,8,True,металл,7.0
hp,10.778768772309705,1.6,intel,intel core i5,4.0,geforce gtx,2.0,15.0,0,8,True,металл,10.0
acer,9.679781342959442,1.6,amd,amd,2.0,radeon,8.0,15.0,0,4,True,пластик,5.0
acer,11.407464944312068,2.2,intel,intel core i7,6.0,geforce gtx,4.0,15.0,256,12,True,металл,8.0
asus,11.289781913656018,1.0,intel,intel core i5,4.0,geforce mx,0.0,14.0,512,8,True,пластик,8.0
asus,11.512925464970229,2.5,intel,intel core i5,12.0,интегрированная,0.0,14.0,512,16,True,металл,12.0
acer,10.126271039034782,1.1,intel,intel pentium,4.0,интегрированная,0.0,17.0,0,4,True,пластик,3.0
asus,9.798127036878302,1.1,intel,intel celeron,2.0,интегрированная,0.0,11.0,0,4,True,пластик,5.0
acer,10.849337086651827,2.0,amd,amd ryzen,4.0,radeon,8.0,15.0,128,8,True,пластик,7.0
apple,11.982929094215963,3.406612903225807,apple,apple m1,8.0,интегрированная,0.0,15.0,512,8,False,металл,20.0
lenovo,11.10645985652848,2.6,intel,intel core i7,6.0,geforce gtx,3.0,17.0,256,16,True,пластик,5.0
lenovo,12.201060103706629,2.3,intel,intel core i7,8.0,geforce rtx,4.0,15.0,1024,32,True,металл,8.0
lenovo,9.961756460660103,2.3,intel,intel pentium,2.0,интегрированная,0.0,15.0,256,4,True,пластик,5.0
acer,10.491024186183038,2.4,amd,amd,4.0,radeon,8.0,15.0,0,8,True,пластик,5.0
asus,11.736069016284437,2.9,intel,intel core i7,4.0,интегрированная,0.0,14.0,1024,16,True,металл,12.0
acer,11.002099841204238,1.6,intel,intel core i5,4.0,интегрированная,0.0,15.0,256,8,True,металл,10.0
acer,10.491274217438246,1.1,intel,intel pentium,4.0,интегрированная,0.0,14.0,256,4,True,пластик,15.0
lenovo,11.512925464970229,3.3,amd,amd ryzen,6.0,geforce rtx,4.0,17.0,512,8,False,пластик,5.0
acer,10.819598268208338,2.3,intel,intel core i5,4.0,geforce gtx,4.0,15.0,0,8,True,металл,7.0
asus,10.373209892223665,2.7,amd,amd,4.0,radeon,8.0,15.0,0,8,False,пластик,3.0
lenovo,10.491274217438246,2.3,intel,intel core i3,2.0,интегрированная,0.0,14.0,128,4,True,металл,10.0
acer,10.736201004154935,1.6,intel,intel core i5,4.0,интегрированная,0.0,15.0,0,6,True,пластик,8.0
acer,11.002099841204238,2.1,amd,amd ryzen,6.0,geforce gtx,4.0,15.0,512,8,True,пластик,6.0
asus,10.596409707779776,2.3,intel,intel core i3,2.0,geforce mx,0.0,15.0,0,6,True,металл,5.0
lenovo,10.596634733096073,2.2,amd,amd ryzen,4.0,radeon,8.0,15.0,128,8,True,пластик,6.0
asus,10.239638308916676,1.1,intel,intel pentium,4.0,geforce mx,0.0,15.0,0,4,True,пластик,5.0
asus,9.740439071085758,1.5,amd,amd,4.0,radeon,8.0,15.0,0,4,True,пластик,5.0
acer,11.082142548877775,2.1,amd,amd ryzen,6.0,geforce gtx,4.0,15.0,256,8,True,пластик,6.0
other,9.602382459752207,1.1,intel,intel celeron,2.0,интегрированная,0.0,14.0,64,4,False,пластик,10.0
msi,11.608235644774552,2.5,intel,intel core i5,6.0,geforce rtx,6.0,15.0,512,16,True,металл,5.0
hp,9.615205300012315,2.5,amd,amd,2.0,radeon,8.0,15.0,0,4,True,пластик,11.0
msi,11.813030057420566,2.6,intel,intel core i7,6.0,geforce rtx,4.0,17.0,512,8,True,металл,6.0
hp,10.064372648053764,2.5,amd,amd,2.0,radeon,8.0,15.0,0,4,True,пластик,5.0
hp,9.740439071085758,1.5,amd,amd,2.0,radeon,8.0,15.0,0,4,True,пластик,11.0
acer,10.165851817003619,1.1,intel,intel celeron,2.0,интегрированная,0.0,14.0,0,4,True,пластик,15.0
lenovo,10.106265117897465,2.3,intel,intel pentium,2.0,geforce mx,0.0,15.0,0,8,True,пластик,6.0
other,10.043249494911286,1.6,intel,intel pentium,4.0,интегрированная,0.0,13.0,128,4,False,пластик,5.0
lenovo,10.274740715974103,2.3,intel,intel pentium,2.0,geforce mx,0.0,17.0,0,4,True,пластик,6.0
asus,10.239638308916676,2.3,intel,intel pentium,2.0,geforce mx,0.0,15.0,0,4,True,пластик,6.911949685534591
acer,10.434115803598297,1.1,intel,intel pentium,4.0,интегрированная,0.0,14.0,256,4,True,пластик,15.0
asus,10.725379688986635,1.6,intel,intel core i5,4.0,интегрированная,0.0,13.0,256,8,True,металл,14.0
apple,11.918390573078392,3.406612903225807,apple,apple m1,8.0,интегрированная,0.0,15.0,1024,16,False,металл,18.0
lenovo,10.596409707779776,2.5,intel,intel core i5,2.0,radeon,8.0,15.0,0,6,True,пластик,6.0
apple,12.206072645530174,3.406612903225807,apple,apple m1,8.0,интегрированная,0.0,15.0,2048,16,False,металл,20.0
lenovo,9.79762691183662,1.8,amd,amd,2.0,radeon,8.0,15.0,0,4,True,пластик,6.0
hp,10.46310334047155,1.6,intel,intel core i5,4.0,интегрированная,0.0,13.0,256,8,True,пластик,11.0
lenovo,11.407564949312402,1.1,intel,intel core i5,4.0,интегрированная,0.0,14.0,512,16,True,металл,11.0
apple,12.043553716032399,2.3,intel,intel core i7,4.0,интегрированная,0.0,15.0,512,16,False,металл,10.0
hp,11.225123385317872,2.2,intel,intel core i7,6.0,geforce gtx,4.0,17.0,256,16,True,пластик,11.0
acer,11.251560700835821,2.4,intel,intel core i5,4.0,интегрированная,0.0,14.0,512,8,True,металл,13.0
apple,12.154779351142622,2.6,intel,intel core i7,6.0,radeon,8.0,15.0,1024,16,False,металл,11.0
apple,11.887931365593683,3.406612903225807,apple,apple m1,8.0,интегрированная,0.0,15.0,512,8,False,металл,20.0
apple,11.736069016284437,3.406612903225807,apple,apple m1,8.0,интегрированная,0.0,15.0,512,16,False,металл,18.0
acer,11.225123385317872,2.4,intel,intel core i5,4.0,geforce gtx,4.0,15.0,512,12,True,пластик,11.0
lenovo,10.462846164547514,2.2,intel,intel core i3,2.0,интегрированная,0.0,14.0,128,4,True,металл,10.0
acer,10.434115803598297,1.1,intel,intel celeron,2.0,интегрированная,0.0,14.0,128,4,True,металл,15.0
other,8.736489351001554,1.44,intel,intel,4.0,интегрированная,0.0,10.0,0,2,False,пластик,8.0
apple,12.506177237980511,3.406612903225807,apple,apple m1,10.0,интегрированная,0.0,15.0,512,32,False,металл,17.0
hp,10.714417768752456,1.6,intel,intel core i5,4.0,интегрированная,0.0,15.0,256,8,True,пластик,7.0
hp,10.403990075979044,2.3,intel,intel pentium,2.0,интегрированная,0.0,14.0,128,4,True,металл,11.0
hp,10.46310334047155,2.1,intel,intel core i3,2.0,интегрированная,0.0,13.0,128,4,True,металл,15.0
apple,12.301382825334498,3.406612903225807,apple,apple m1,10.0,интегрированная,0.0,15.0,512,16,False,металл,17.0
apple,12.206072645530174,2.6,intel,intel core i7,6.0,radeon,8.0,15.0,512,32,False,металл,11.0
apple,12.206072645530174,2.3,intel,intel core i7,4.0,интегрированная,0.0,15.0,1024,32,False,металл,10.0
apple,12.154779351142622,3.406612903225807,apple,apple m1,8.0,интегрированная,0.0,15.0,2048,8,False,металл,20.0
hp,10.596409707779776,2.3,intel,intel pentium,2.0,интегрированная,0.0,14.0,128,4,False,металл,10.0
hp,10.819778284410283,2.1,amd,amd ryzen,4.0,radeon,8.0,15.0,256,8,True,пластик,7.0
hp,11.5376180775606,2.1,amd,amd ryzen,4.0,radeon,8.0,13.0,512,16,True,металл,12.0
apple,12.043553716032399,2.3,intel,intel,8.0,radeon,8.0,15.0,1024,16,False,металл,11.0
hp,10.896739325546411,1.2,intel,intel core i3,2.0,интегрированная,0.0,14.0,128,4,True,пластик,10.0
apple,11.84939770159144,3.406612903225807,apple,apple m1,8.0,интегрированная,0.0,15.0,1024,16,False,металл,18.0
hp,10.596409707779776,2.1,intel,intel core i3,2.0,интегрированная,0.0,13.0,128,4,True,пластик,11.0
other,12.278351445768509,2.6,intel,intel core i7,6.0,geforce rtx,6.0,15.0,1024,16,True,металл,5.0
lenovo,10.54510456855174,1.6,intel,intel core i5,4.0,geforce mx,0.0,15.0,0,6,True,пластик,6.0
apple,12.013700752882718,3.406612903225807,apple,apple m1,8.0,интегрированная,0.0,15.0,2048,16,False,металл,18.0
asus,10.30865261563529,1.1,intel,intel pentium,4.0,интегрированная,0.0,17.0,0,4,True,пластик,5.0
msi,10.819598268208338,2.3,intel,intel core i5,4.0,geforce gtx,2.0,15.0,128,8,True,металл,5.0
msi,12.468436909997664,2.3,intel,intel core i7,8.0,geforce rtx,16.0,17.0,1024,32,True,металл,5.0
msi,12.206072645530174,3.5,intel,intel core i7,14.0,geforce rtx,8.0,15.0,1024,16,True,металл,6.0
asus,10.714217748749789,2.3,intel,intel core i3,2.0,geforce mx,0.0,15.0,128,6,True,металл,5.0
msi,12.328290278254423,2.5,intel,intel,8.0,geforce rtx,6.0,16.0,2048,16,False,металл,7.0
lenovo,10.998760939938723,1.0,intel,intel core i5,4.0,интегрированная,0.0,14.0,256,8,True,металл,9.0
apple,11.77528972943772,2.0,intel,intel core i5,4.0,интегрированная,0.0,15.0,1024,16,False,металл,10.0
acer,11.918390573078392,2.8,intel,intel core i7,4.0,geforce mx,0.0,14.0,1024,16,True,металл,15.0
apple,11.77528972943772,2.0,intel,intel core i5,4.0,интегрированная,0.0,15.0,512,16,False,металл,10.0
hp,11.340950200230418,2.3,intel,intel core i5,4.0,geforce gtx,3.0,15.0,256,12,True,металл,10.0
apple,12.577636201962656,2.0,intel,intel core i5,4.0,интегрированная,0.0,15.0,4096,32,False,металл,10.0
hp,11.131665045558881,1.6,intel,intel core i5,4.0,интегрированная,0.0,14.0,256,8,True,металл,8.0
apple,12.100712129872347,2.6,intel,intel core i7,6.0,radeon,8.0,15.0,512,16,False,металл,11.0
apple,11.901583454762012,3.406612903225807,apple,apple m1,8.0,интегрированная,0.0,15.0,512,16,False,металл,20.0
asus,10.254144424149297,1.1,intel,intel pentium,4.0,интегрированная,0.0,15.0,256,8,False,пластик,6.0
acer,11.289781913656018,2.4,intel,intel core i5,4.0,интегрированная,0.0,15.0,512,16,True,пластик,12.0
acer,10.843494811027599,2.1,intel,intel core i3,2.0,интегрированная,0.0,14.0,256,8,True,пластик,13.0
apple,12.429216196844383,2.3,intel,intel core i7,4.0,интегрированная,0.0,15.0,4096,16,False,металл,10.0
hp,11.156250521031495,1.8,intel,intel core i7,4.0,geforce gtx,2.0,15.0,128,8,True,пластик,10.0
other,9.574358290170172,1.1,intel,intel celeron,2.0,интегрированная,0.0,14.0,0,3,False,пластик,7.0
asus,11.461537429252754,2.2,intel,intel core i7,6.0,geforce gtx,3.0,15.0,256,8,True,металл,5.0
asus,11.512835460919986,2.2,intel,intel core i7,6.0,geforce gtx,6.0,17.0,128,8,True,металл,5.0
asus,12.287652632522596,3.3,amd,amd ryzen,8.0,geforce rtx,8.0,17.0,1024,16,True,металл,6.0
hp,10.714417768752456,1.2,intel,intel core i3,2.0,интегрированная,0.0,14.0,256,8,True,пластик,12.0
apple,12.971540487669746,2.3,intel,intel,8.0,radeon,8.0,15.0,8192,32,False,металл,11.0
hp,11.407564949312402,3.1,intel,intel core i5,4.0,geforce rtx,4.0,17.0,512,8,False,металл,4.0
hp,11.15612194133691,2.3,intel,intel core i5,4.0,geforce gtx,4.0,17.0,128,12,True,пластик,9.0
asus,11.91833057127832,3.1,amd,amd ryzen,8.0,geforce rtx,4.0,13.0,512,16,True,пластик,6.911949685534591
asus,11.652687407345386,2.8,intel,intel core i7,4.0,интегрированная,0.0,13.0,512,16,True,металл,8.0
acer,10.87804719253426,3.0,intel,intel core i3,2.0,интегрированная,0.0,14.0,256,8,True,пластик,13.0
asus,11.84939770159144,3.1,intel,intel core i5,4.0,geforce rtx,4.0,16.0,512,16,True,металл,7.0
asus,10.51867319162636,1.1,intel,intel pentium,4.0,интегрированная,0.0,15.0,256,8,True,пластик,5.0
apple,11.608235644774552,3.406612903225807,apple,apple m1,8.0,интегрированная,0.0,15.0,512,8,False,металл,18.0
hp,10.819778284410283,2.4,intel,intel core i5,4.0,интегрированная,0.0,15.0,512,16,False,металл,7.0
asus,11.001949829953112,1.8,intel,intel core i7,4.0,geforce gtx,2.0,15.0,128,8,True,пластик,6.0
asus,11.289669407327418,2.2,intel,intel core i7,6.0,geforce gtx,4.0,17.0,128,8,True,металл,5.0
hp,10.819778284410283,2.1,intel,intel core i3,2.0,интегрированная,0.0,13.0,256,8,True,металл,15.0
asus,11.211820372186306,2.4,intel,intel core i5,4.0,интегрированная,0.0,15.0,512,8,True,металл,7.0
lenovo,10.491274217438246,2.3,amd,amd,2.0,radeon,8.0,15.0,128,4,True,пластик,5.0
apple,12.542544882151386,2.3,intel,intel core i7,4.0,интегрированная,0.0,15.0,4096,32,False,металл,10.0
asus,10.434115803598297,1.2,intel,intel core i3,2.0,интегрированная,0.0,15.0,256,8,False,пластик,7.0
asus,12.736700896592344,2.5,intel,intel,8.0,geforce rtx,8.0,15.0,1024,32,True,металл,9.0
lenovo,11.041320554357519,1.3,intel,intel core i7,4.0,интегрированная,0.0,14.0,512,8,True,металл,10.0
apple,11.77528972943772,3.406612903225807,apple,apple m1,8.0,интегрированная,0.0,15.0,512,16,False,металл,18.0
apple,12.611537753638338,2.3,intel,intel,8.0,radeon,8.0,15.0,1024,32,False,металл,11.0
apple,12.180754837545884,3.406612903225807,apple,apple m1,10.0,интегрированная,0.0,15.0,512,16,False,металл,17.0
hp,11.277203131449157,2.4,intel,intel core i5,4.0,интегрированная,0.0,13.0,512,8,False,металл,10.0
lenovo,10.915088464214607,3.0,intel,intel core i3,2.0,интегрированная,0.0,14.0,256,8,True,металл,6.0
other,11.894780707439258,2.7,intel,intel core i5,6.0,geforce rtx,4.0,17.0,500,16,True,пластик,4.0
other,8.986071187374462,1.44,intel,intel,4.0,интегрированная,0.0,13.0,0,2,False,пластик,8.0
asus,10.596634733096073,2.1,intel,intel core i3,2.0,интегрированная,0.0,14.0,256,8,True,металл,10.0
lenovo,11.085214747914744,1.0,intel,intel core i5,4.0,интегрированная,0.0,15.0,256,8,False,металл,9.0
apple,12.254862809699606,3.406612903225807,apple,apple m1,10.0,интегрированная,0.0,15.0,1024,16,False,металл,17.0
apple,12.043553716032399,3.406612903225807,apple,apple m1,8.0,интегрированная,0.0,15.0,1024,16,False,металл,20.0
asus,11.84939770159144,3.1,amd,amd ryzen,8.0,geforce rtx,4.0,14.0,512,16,True,металл,6.911949685534591
apple,12.94800999025955,3.406612903225807,apple,apple m1,8.0,интегрированная,0.0,15.0,8192,32,False,металл,17.0
other,11.542484267211773,3.3,intel,intel core i7,4.0,geforce mx,0.0,14.0,512,8,False,металл,7.0
apple,11.982929094215963,3.406612903225807,apple,apple m1,8.0,интегрированная,0.0,15.0,1024,8,False,металл,20.0
asus,11.156250521031495,2.4617924528301884,amd,amd ryzen,6.0,radeon,8.0,14.0,512,8,False,металл,6.911949685534591
other,10.30865261563529,2.7,intel,intel core i3,2.0,интегрированная,0.0,13.0,128,4,True,пластик,7.0
apple,12.506177237980511,3.406612903225807,apple,apple m1,10.0,интегрированная,0.0,15.0,512,32,False,металл,17.0
asus,10.881738484533054,1.8,intel,intel core i7,4.0,интегрированная,0.0,13.0,256,8,True,пластик,7.0
hp,10.757902880692196,3.0,intel,intel core i3,2.0,интегрированная,0.0,14.0,256,8,True,пластик,5.0
apple,12.577636201962656,2.6,intel,intel core i7,6.0,radeon,8.0,15.0,4096,32,False,металл,11.0
hp,10.404262840448617,1.2,amd,amd,2.0,radeon,8.0,15.0,256,8,False,пластик,6.0
apple,12.429216196844383,3.406612903225807,apple,apple m1,8.0,интегрированная,0.0,15.0,1024,32,False,металл,17.0
asus,11.695247021764184,2.8,intel,intel core i7,4.0,интегрированная,0.0,14.0,512,16,True,металл,7.0
apple,12.691580461311874,2.4,intel,intel,8.0,radeon,8.0,15.0,2048,16,False,металл,11.0
hp,11.156250521031495,1.6,intel,intel core i5,4.0,интегрированная,0.0,13.0,256,8,True,металл,12.0
apple,12.611537753638338,3.406612903225807,apple,apple m1,10.0,интегрированная,0.0,15.0,2048,32,False,металл,17.0
apple,12.206072645530174,2.6,intel,intel core i7,6.0,radeon,8.0,15.0,2048,16,False,металл,11.0
apple,12.506177237980511,3.406612903225807,apple,apple m1,8.0,интегрированная,0.0,15.0,1024,32,False,металл,17.0
apple,12.206072645530174,2.4,intel,intel,8.0,radeon,8.0,15.0,512,16,False,металл,11.0
apple,12.468436909997664,3.406612903225807,apple,apple m1,10.0,интегрированная,0.0,15.0,1024,32,False,металл,17.0
apple,12.506177237980511,3.406612903225807,apple,apple m1,10.0,интегрированная,0.0,15.0,1024,32,False,металл,17.0
apple,12.736700896592344,3.406612903225807,apple,apple m1,10.0,интегрированная,0.0,15.0,1024,64,False,металл,17.0
hp,10.762149171573647,2.1,intel,intel core i3,2.0,radeon,8.0,17.0,256,8,True,пластик,11.0
hp,10.545341438708522,1.0,intel,intel core i5,4.0,интегрированная,0.0,14.0,0,4,True,пластик,12.0
apple,12.611537753638338,3.406612903225807,apple,apple m1,10.0,интегрированная,0.0,15.0,2048,32,False,металл,17.0
lenovo,10.915088464214607,2.6,amd,amd ryzen,2.0,radeon,8.0,14.0,256,8,True,пластик,8.0
hp,10.680516217076775,2.1,intel,intel core i3,2.0,интегрированная,0.0,14.0,128,4,True,металл,14.0
apple,12.706847933442663,2.4,intel,intel,8.0,radeon,8.0,15.0,8192,16,False,металл,11.0
apple,12.072541252905651,3.406612903225807,apple,apple m1,8.0,интегрированная,0.0,15.0,1024,16,False,металл,20.0
asus,10.714417768752456,1.2,intel,intel core i3,2.0,интегрированная,0.0,14.0,512,8,True,металл,6.911949685534591
hp,11.082142548877775,2.4,intel,intel core i5,4.0,интегрированная,0.0,14.0,256,8,True,пластик,8.456692913385826
hp,11.512925464970229,3.3,amd,amd ryzen,6.0,geforce rtx,4.0,16.0,512,16,True,пластик,6.0
asus,10.778956289890028,1.2,intel,intel core i3,2.0,интегрированная,0.0,17.0,256,8,False,пластик,6.0
apple,12.154779351142622,3.406612903225807,apple,apple m1,8.0,интегрированная,0.0,15.0,1024,16,False,металл,17.0
asus,10.44581184336149,1.2,intel,intel core i3,2.0,интегрированная,0.0,15.0,256,8,False,пластик,7.0
apple,13.217673557208654,3.406612903225807,apple,apple m1,10.0,интегрированная,0.0,15.0,8192,64,False,металл,21.0
apple,12.611537753638338,3.406612903225807,apple,apple m1,10.0,интегрированная,0.0,15.0,1024,32,False,металл,21.0
hp,11.071314910225711,1.6,intel,intel core i5,4.0,интегрированная,0.0,14.0,256,8,True,металл,14.0
lenovo,10.181119289134408,2.6,amd,amd,2.0,radeon,8.0,15.0,128,4,True,пластик,5.0
lenovo,10.950806546816686,1.0,intel,intel core i5,4.0,интегрированная,0.0,14.0,512,8,True,металл,10.0
apple,12.043553716032399,1.7,intel,intel core i7,4.072953736654804,интегрированная,0.0,15.0,2048,8,False,металл,10.0
asus,11.512925464970229,2.5,intel,intel core i5,4.0,интегрированная,0.0,14.0,512,16,True,металл,9.0
apple,13.217673557208654,3.406612903225807,apple,apple m1,10.0,интегрированная,0.0,15.0,1024,16,False,металл,21.0
hp,10.915088464214607,1.6,intel,intel core i5,4.0,интегрированная,0.0,14.0,256,8,True,металл,14.0
acer,10.203592144986466,1.1,intel,intel celeron,2.0,интегрированная,0.0,15.0,256,4,True,пластик,7.0
asus,11.657025808943985,2.2,intel,intel core i7,6.0,geforce gtx,6.0,17.0,128,16,True,металл,5.0
hp,10.308952660644293,1.1,intel,intel pentium,4.0,интегрированная,0.0,15.0,128,4,True,пластик,7.0
lenovo,10.165851817003619,1.1,intel,intel celeron,4.0,интегрированная,0.0,14.0,256,4,True,пластик,6.0
lenovo,12.20856952572876,2.3,intel,intel core i7,8.0,geforce rtx,8.0,15.0,1024,32,True,металл,5.0
hp,11.15612194133691,2.2,intel,intel core i7,6.0,geforce gtx,3.0,15.0,256,8,True,металл,10.0
apple,12.89921982609012,3.406612903225807,apple,apple m1,10.0,интегрированная,0.0,15.0,2048,64,False,металл,21.0
apple,12.89921982609012,2.3,intel,intel,8.0,radeon,8.0,15.0,8192,32,False,металл,11.0
hp,11.082142548877775,2.4,intel,intel core i5,4.0,интегрированная,0.0,13.0,512,8,False,металл,10.0
lenovo,11.284769371832475,2.4,intel,intel core i5,4.0,интегрированная,0.0,14.0,512,16,True,металл,7.0
hp,10.404262840448617,3.0,intel,intel core i3,2.0,интегрированная,0.0,15.0,256,8,False,пластик,7.0
hp,11.556942350387002,1.8,intel,intel core i7,4.0,интегрированная,0.0,13.0,256,8,True,металл,12.0
asus,11.054059580134949,2.1,amd,amd ryzen,6.0,radeon,8.0,14.0,256,8,True,металл,9.0
apple,12.160028707028767,3.406612903225807,apple,apple m1,8.0,интегрированная,0.0,15.0,2048,8,False,металл,20.0
apple,11.84939770159144,1.7,intel,intel core i7,4.0,интегрированная,0.0,15.0,256,16,False,металл,10.0
hp,10.883691610153935,2.1,intel,intel core i3,2.0,интегрированная,0.0,13.0,256,8,True,металл,7.0
hp,11.238488619268468,3.0,intel,intel core i3,2.0,интегрированная,0.0,15.0,256,8,True,металл,12.0
acer,10.757902880692196,2.6,amd,amd ryzen,2.0,radeon,8.0,15.0,512,8,True,пластик,9.0
lenovo,12.206072645530174,3.2,amd,amd ryzen,8.0,geforce rtx,6.0,15.0,512,16,True,пластик,9.0
apple,11.608235644774552,1.7,intel,intel core i7,4.0,интегрированная,0.0,15.0,256,8,False,металл,10.0
msi,11.48452599044853,3.2,amd,amd ryzen,8.0,radeon,8.0,15.0,512,8,True,металл,5.0
msi,11.751942365440728,2.3,intel,intel core i7,8.0,geforce rtx,6.0,15.0,512,8,True,металл,5.0
msi,11.427367576608582,3.3,amd,amd ryzen,6.0,radeon,8.0,15.0,512,8,True,металл,5.0
lenovo,10.819778284410283,3.0,intel,intel core i3,2.0,интегрированная,0.0,15.0,256,8,True,металл,6.0
asus,12.48559653028049,3.1,amd,amd ryzen,8.0,geforce gtx,16.0,13.0,1024,32,True,металл,10.0
lenovo,12.183315658407556,3.2,amd,amd ryzen,8.0,geforce rtx,6.0,15.0,1024,16,True,пластик,8.0
asus,11.5376180775606,2.4,intel,intel core i5,4.0,интегрированная,0.0,14.0,512,8,True,металл,17.0
lenovo,12.42319812451882,2.4,intel,intel,8.0,geforce rtx,8.0,15.0,1024,32,True,металл,5.0
hp,11.238488619268468,2.1,amd,amd ryzen,6.0,radeon,8.0,15.0,512,16,True,пластик,8.0
asus,11.695247021764184,2.8,intel,intel core i7,4.0,интегрированная,0.0,14.0,1024,16,False,металл,12.0
asus,11.082142548877775,2.1,amd,amd ryzen,6.0,radeon,8.0,15.0,512,8,True,металл,6.0
lenovo,10.819778284410283,3.0,intel,intel core i3,2.0,интегрированная,0.0,14.0,256,8,True,пластик,6.0
asus,10.819778284410283,1.6,intel,intel core i5,4.0,интегрированная,0.0,14.0,256,8,True,пластик,9.0
asus,10.596634733096073,2.1,intel,intel core i3,2.0,интегрированная,0.0,15.0,256,8,True,пластик,5.0
asus,12.130270932113891,3.3,amd,amd ryzen,8.0,geforce rtx,4.0,15.0,1024,16,True,металл,6.0
hp,10.16199824768763,1.1,intel,intel celeron,2.0,интегрированная,0.0,15.0,128,4,True,пластик,7.0
msi,12.301382825334498,3.5,intel,intel core i7,14.0,geforce rtx,8.0,15.0,1024,16,True,металл,4.0
msi,11.511924964636645,2.3,intel,intel core i7,8.0,geforce rtx,4.0,15.0,512,8,True,металл,5.0
other,11.385092093460344,2.3,amd,amd ryzen,6.0,radeon,8.0,15.0,256,8,True,металл,8.0
other,11.663068123399947,3.4,intel,intel core i7,4.0,интегрированная,0.0,15.0,512,16,True,пластик,8.0
other,11.589886506106357,2.8,intel,intel core i7,4.0,интегрированная,0.0,15.0,512,16,True,пластик,5.0
other,11.198214720130528,2.4,intel,intel core i5,4.0,интегрированная,0.0,15.0,256,8,False,пластик,4.0
hp,12.46342436817412,2.3,intel,intel core i7,8.0,geforce rtx,8.0,17.0,1024,16,True,металл,6.0
msi,11.82407989360715,3.0,intel,intel core i7,4.0,geforce gtx,4.0,14.0,1024,16,False,металл,10.0
lenovo,10.491274217438246,2.4,amd,amd,2.0,radeon,8.0,17.0,256,8,True,пластик,7.0
other,11.325390341123386,2.4,intel,intel core i5,4.0,интегрированная,0.0,15.0,256,8,True,пластик,5.0
acer,10.82576035608783,2.6,amd,amd ryzen,2.0,radeon,8.0,15.0,512,4,True,пластик,9.0
msi,12.04001806120009,3.0,intel,intel core i7,4.0,интегрированная,0.0,13.0,1024,16,False,металл,20.0
lenovo,10.799575577092764,1.2,intel,intel core i3,2.0,интегрированная,0.0,14.0,256,8,True,металл,11.0
msi,11.657025808943985,3.0,intel,intel core i7,4.0,geforce mx,0.0,14.0,512,16,False,металл,10.0
other,11.326595886778735,2.4,intel,intel core i5,4.0,geforce mx,0.0,15.0,512,8,True,пластик,5.0
acer,10.990364584985816,1.3,intel,intel core i7,4.0,интегрированная,0.0,15.0,256,8,True,пластик,8.0
acer,10.86283777387073,2.6,amd,amd ryzen,2.0,radeon,8.0,15.0,512,8,True,пластик,9.0
msi,11.951180395901384,2.9,intel,intel core i7,4.0,geforce rtx,4.0,15.0,1024,16,True,металл,16.0
msi,11.686878772093666,3.2,amd,amd ryzen,8.0,radeon,8.0,15.0,512,16,False,металл,7.0
hp,11.002099841204238,2.7,amd,amd ryzen,4.0,radeon,8.0,14.0,256,8,True,металл,14.0
lenovo,11.891361900690473,1.6,intel,intel core i5,4.0,интегрированная,0.0,13.0,256,8,True,пластик,17.0
hp,10.434115803598297,1.2,amd,amd,2.0,radeon,8.0,15.0,256,4,True,пластик,7.0
hp,10.043249494911286,1.1,intel,intel celeron,2.0,интегрированная,0.0,15.0,256,4,False,пластик,7.0
asus,11.891361900690473,2.8,amd,amd ryzen,8.0,geforce rtx,4.0,14.0,512,16,True,металл,9.0
lenovo,12.643359365961294,2.3,intel,intel core i7,8.0,geforce rtx,6.0,16.0,1024,16,True,металл,7.0
asus,11.512925464970229,2.9,amd,amd ryzen,8.0,geforce gtx,4.0,14.0,512,8,True,металл,6.911949685534591
msi,11.439278924801929,3.3,amd,amd ryzen,6.0,radeon,8.0,15.0,512,8,True,металл,7.0
acer,11.657025808943985,2.6,intel,intel core i7,6.0,интегрированная,0.0,15.0,512,16,True,пластик,14.0
hp,10.596634733096073,2.4,amd,amd,2.0,radeon,8.0,15.0,256,4,True,пластик,7.0
acer,11.960811288962345,2.6,intel,intel core i7,6.0,geforce gtx,4.0,14.0,512,16,True,металл,15.0
acer,12.088976873653927,2.7,intel,intel core i5,6.0,geforce rtx,8.0,15.0,256,8,True,пластик,8.0
msi,11.951180395901384,2.5,intel,intel core i5,4.0,интегрированная,0.0,13.0,512,16,False,металл,20.0
msi,12.2783933071098,2.3,intel,intel core i7,8.0,geforce rtx,4.0,15.0,1024,32,True,металл,5.0
asus,11.002099841204238,2.1,amd,amd ryzen,6.0,radeon,8.0,15.0,512,8,True,металл,7.0
acer,10.797532675462962,1.2,intel,intel core i5,4.0,интегрированная,0.0,15.0,256,8,False,пластик,8.0
lenovo,12.154779351142622,2.7,intel,intel core i5,6.0,geforce rtx,4.0,17.0,512,16,True,пластик,7.0
acer,11.982872842633872,2.6,intel,intel core i7,6.0,geforce gtx,4.0,15.0,512,16,True,металл,14.0
lenovo,11.10645985652848,1.8,intel,intel core i7,4.0,geforce mx,0.0,14.0,256,8,True,металл,8.0
msi,11.570250531589497,3.3,amd,amd ryzen,6.0,radeon,8.0,15.0,512,8,True,металл,7.0
other,11.140411457001749,2.1,amd,amd ryzen,4.0,radeon,8.0,15.0,256,8,True,пластик,5.0
hp,11.350406535472453,2.1,amd,amd ryzen,6.0,radeon,8.0,17.0,512,16,True,пластик,6.0
hp,11.70766954176274,3.1,intel,intel core i5,4.0,geforce gtx,4.0,17.0,512,16,True,пластик,4.0
acer,12.028738630247258,2.6,intel,intel core i7,6.0,other,6.0,14.0,1024,16,True,металл,15.0
msi,11.77528972943772,3.3,amd,amd ryzen,6.0,radeon,8.0,17.0,512,16,True,металл,7.0
acer,10.604106747934773,1.2,intel,intel core i3,2.0,интегрированная,0.0,15.0,256,8,True,пластик,9.0
acer,10.778956289890028,2.6,amd,amd ryzen,2.0,radeon,8.0,15.0,256,8,True,пластик,9.0
other,11.16761427968181,2.1,amd,amd ryzen,4.0,radeon,8.0,15.0,512,8,True,пластик,5.0
other,11.610959205241594,3.4,intel,intel core i7,4.0,интегрированная,0.0,15.0,512,16,True,металл,8.0
hp,10.661954199216716,2.6,amd,amd ryzen,2.0,radeon,8.0,14.0,256,8,True,пластик,7.0
asus,10.680516217076775,2.0,intel,intel pentium,2.0,интегрированная,0.0,15.0,256,8,True,пластик,5.0
acer,11.082004077752629,1.8,intel,intel core i7,4.0,geforce mx,0.0,14.0,512,8,True,металл,12.0
other,11.84939770159144,2.3,intel,intel core i7,8.0,geforce rtx,4.0,15.0,1024,16,True,пластик,5.0
acer,10.668955394675699,1.2,intel,intel core i3,2.0,интегрированная,0.0,15.0,512,8,False,пластик,7.0
other,11.49272275765271,3.1,intel,intel core i5,4.0,интегрированная,0.0,15.0,512,8,False,металл,8.0
other,11.928340903931561,2.3,intel,intel core i7,8.0,geforce rtx,6.0,15.0,1024,16,True,пластик,6.0
asus,10.434115803598297,1.1,intel,intel pentium,2.0,geforce mx,0.0,15.0,256,4,True,пластик,5.0
other,10.085809109330082,1.5,amd,amd,2.0,radeon,8.0,14.0,0,4,False,пластик,6.759740259740259
other,11.47106126087153,1.8,amd,amd ryzen,8.0,radeon,8.0,15.0,512,16,True,пластик,8.0
hp,11.277203131449157,2.1,amd,amd ryzen,6.0,radeon,8.0,15.0,512,16,True,металл,7.0
msi,12.522706539931722,3.5,intel,intel core i7,14.0,geforce rtx,8.0,15.0,1024,16,True,металл,5.0
asus,11.429543856031177,2.4,intel,intel core i5,4.0,интегрированная,0.0,14.0,512,8,True,металл,14.0
hp,10.778956289890028,2.6,amd,amd ryzen,2.0,radeon,8.0,17.0,512,8,True,пластик,6.0
other,11.127262984158243,2.8,intel,intel core i7,4.0,интегрированная,0.0,15.0,512,8,True,пластик,4.0
other,11.289781913656018,2.1,amd,amd ryzen,4.0,radeon,8.0,15.0,512,16,True,пластик,5.0
msi,12.119969946476761,2.3,intel,intel core i7,8.0,geforce rtx,6.0,17.0,1024,16,True,металл,4.0
asus,10.545341438708522,1.1,intel,intel pentium,2.0,geforce mx,0.0,15.0,256,8,True,пластик,5.0
lenovo,10.404262840448617,2.4,amd,amd,2.0,radeon,8.0,17.0,256,4,True,пластик,5.0
other,12.14206731555426,3.2,amd,amd ryzen,8.0,geforce rtx,6.0,15.0,1024,16,True,металл,6.0
lenovo,12.121603488903723,2.3,intel,intel core i7,8.0,geforce rtx,4.0,15.0,512,16,False,пластик,8.0
lenovo,11.264464105671728,1.2,intel,intel core i3,2.0,интегрированная,0.0,14.0,256,4,False,пластик,6.0
other,11.657891235220413,2.8,intel,intel core i7,4.0,geforce mx,0.0,15.0,512,8,False,металл,7.0
msi,12.00573578322842,2.2,intel,intel core i7,6.0,geforce rtx,8.0,15.0,256,16,True,металл,5.0
apple,13.122363377404328,3.406612903225807,apple,apple m1,10.0,интегрированная,0.0,15.0,8192,32,False,металл,17.0
hp,10.373491181781864,2.3,amd,amd,2.0,radeon,8.0,17.0,256,4,False,пластик,4.0
acer,11.06663836234181,1.3,intel,intel core i7,4.0,интегрированная,0.0,15.0,512,8,False,пластик,8.0
lenovo,12.243850009864204,2.7,intel,intel core i5,6.0,geforce rtx,4.0,15.0,512,16,True,пластик,7.0
asus,11.079060882340366,2.4,intel,intel core i5,4.0,geforce mx,0.0,15.0,512,8,True,пластик,5.0
asus,12.144197241812085,3.1,intel,intel core i5,4.0,geforce rtx,4.0,16.0,512,16,True,металл,6.0
asus,11.31447452624639,2.4,intel,intel core i5,4.0,интегрированная,0.0,14.0,512,8,True,металл,15.0
other,11.156250521031495,2.8,intel,intel core i7,4.0,интегрированная,0.0,15.0,512,8,False,пластик,4.0
other,11.391887136593171,2.3,amd,amd ryzen,4.0,radeon,8.0,15.0,512,8,True,пластик,5.0
asus,10.915088464214607,1.1,intel,intel pentium,2.0,geforce mx,0.0,14.0,256,8,False,пластик,4.0
hp,10.757902880692196,2.6,amd,amd ryzen,2.0,radeon,8.0,15.0,256,8,True,пластик,7.0
msi,11.407564949312402,1.6,intel,intel core i5,4.0,geforce gtx,4.0,15.0,512,8,True,пластик,16.0
apple,13.122363377404328,3.406612903225807,apple,apple m1,10.0,интегрированная,0.0,15.0,8192,64,False,металл,17.0
lenovo,11.177452728682098,1.8,intel,intel core i7,4.0,интегрированная,0.0,14.0,256,8,True,металл,8.0
other,11.45105006125214,2.7,intel,intel core i5,6.0,geforce rtx,4.0,15.0,512,8,True,металл,6.0
other,11.686878772093666,2.6,intel,intel core i7,6.0,geforce gtx,4.0,15.0,512,8,False,пластик,3.0
asus,11.84939770159144,3.2,amd,amd ryzen,8.0,geforce rtx,4.0,16.0,1024,16,True,металл,6.0
other,11.891361900690473,3.0,intel,intel core i7,8.0,интегрированная,0.0,15.0,512,16,True,пластик,8.0
lenovo,10.085809109330082,1.2,amd,amd,2.0,radeon,8.0,15.0,128,4,True,пластик,5.0
other,11.62177986988231,3.2,intel,intel core i5,4.0,интегрированная,0.0,15.0,512,16,False,металл,8.0
msi,11.932950724409721,2.4,intel,intel core i5,4.0,интегрированная,0.0,13.0,512,16,False,металл,20.0
asus,11.264464105671728,3.1,intel,intel core i5,4.0,интегрированная,0.0,14.0,512,8,True,металл,6.0
msi,11.608235644774552,2.3,intel,intel core i7,8.0,geforce rtx,4.0,17.0,512,8,True,металл,4.0
lenovo,11.571194373094205,1.6,intel,intel core i5,4.0,интегрированная,0.0,14.0,256,8,True,пластик,15.0
hp,10.165851817003619,1.1,intel,intel celeron,2.0,интегрированная,0.0,15.0,128,4,False,пластик,6.0
other,12.119969946476761,2.8,intel,intel core i7,4.0,интегрированная,0.0,13.0,1024,16,True,пластик,11.0
apple,11.580499997756885,3.18,apple,apple m1,8.0,интегрированная,0.0,15.0,256,8,False,металл,16.626168224299064
lenovo,10.922334872735375,1.6,intel,intel core i5,4.0,интегрированная,0.0,14.0,256,8,True,металл,8.0
hp,11.030039209893479,3.0,intel,intel core i3,2.0,интегрированная,0.0,15.0,256,4,True,пластик,9.0
msi,11.48452599044853,3.0,amd,amd ryzen,6.0,radeon,8.0,15.0,512,8,True,металл,5.0
other,9.951849053414007,2.3,intel,intel celeron,4.0,интегрированная,0.0,15.0,0,4,True,пластик,5.0
apple,11.957553592259716,3.49,apple,apple m2,8.0,интегрированная,0.0,15.0,512,8,False,металл,16.626168224299064
lenovo,11.3986363185681,1.6,intel,intel core i5,4.0,интегрированная,0.0,14.0,256,8,True,пластик,15.0
hp,10.872370734529452,2.6,amd,amd ryzen,2.0,radeon,8.0,15.0,256,8,True,пластик,7.0
hp,11.156250521031495,2.3,intel,intel core i5,2.0,интегрированная,0.0,13.0,256,8,True,металл,12.0
acer,10.451608961045816,1.1,intel,intel pentium,4.0,интегрированная,0.0,15.0,256,4,True,пластик,8.0
acer,10.568749529606537,1.2,intel,intel core i3,2.0,интегрированная,0.0,15.0,128,4,True,пластик,8.0
asus,10.819598268208338,2.3,intel,intel core i3,2.0,интегрированная,0.0,13.0,0,4,True,металл,7.0
lenovo,10.621327345686444,2.0,intel,intel pentium,2.0,интегрированная,0.0,17.0,256,8,True,пластик,5.0
other,11.827736204810261,2.8,intel,intel core i7,4.0,интегрированная,0.0,13.0,512,16,True,пластик,12.0
msi,11.407564949312402,1.1,intel,intel core i7,6.0,geforce mx,0.0,14.0,512,16,False,металл,10.0
apple,12.154731981599651,3.406612903225807,apple,apple m1,8.0,интегрированная,0.0,13.0,512,8,False,металл,18.0
msi,11.884426950510836,2.6,intel,intel core i7,6.0,geforce gtx,4.0,15.0,512,16,True,пластик,10.0
acer,10.995410853053441,2.1,amd,amd ryzen,4.0,radeon,8.0,15.0,1024,8,True,пластик,9.0
hp,10.650175500024103,2.4,amd,amd,2.0,radeon,8.0,15.0,256,4,True,пластик,7.0
lenovo,11.209114010588564,1.6,intel,intel core i5,4.0,интегрированная,0.0,15.0,0,8,True,металл,11.0
other,10.8235910067382,2.2,zhaoxin,zhaoxin,4.0,other,6.0,14.0,256,8,False,металл,4.0
apple,11.957553592259716,3.49,apple,apple m2,8.0,интегрированная,0.0,15.0,512,8,False,металл,16.626168224299064
apple,11.957553592259716,3.49,apple,apple m2,8.0,интегрированная,0.0,15.0,512,8,False,металл,16.626168224299064
apple,11.820343986057841,3.49,apple,apple m2,8.0,интегрированная,0.0,15.0,256,8,False,металл,16.626168224299064
apple,12.128062454228429,3.22,apple,apple m1,10.0,интегрированная,0.0,15.0,512,16,False,металл,16.626168224299064
apple,11.957553592259716,3.49,apple,apple m2,8.0,интегрированная,0.0,15.0,512,8,False,металл,16.626168224299064
other,10.30865261563529,1.8,intel,intel celeron,4.0,интегрированная,0.0,15.0,256,8,False,пластик,5.0
apple,11.820343986057841,3.49,apple,apple m2,8.0,интегрированная,0.0,15.0,256,8,False,металл,16.626168224299064
apple,12.350134027705968,3.22,apple,apple m1,10.0,интегрированная,0.0,15.0,512,16,False,металл,16.626168224299064
apple,12.350134027705968,3.22,apple,apple m1,10.0,интегрированная,0.0,15.0,512,16,False,металл,16.626168224299064
apple,11.820343986057841,3.49,apple,apple m2,8.0,интегрированная,0.0,15.0,256,8,False,металл,16.626168224299064
apple,11.820343986057841,3.49,apple,apple m2,8.0,интегрированная,0.0,15.0,256,8,False,металл,16.626168224299064
apple,12.128062454228429,3.22,apple,apple m1,10.0,интегрированная,0.0,15.0,512,16,False,металл,16.626168224299064
apple,11.820343986057841,3.49,apple,apple m2,8.0,интегрированная,0.0,15.0,256,8,False,металл,16.626168224299064
apple,11.957553592259716,3.49,apple,apple m2,8.0,интегрированная,0.0,15.0,512,8,False,металл,16.626168224299064
apple,12.128062454228429,3.22,apple,apple m1,10.0,интегрированная,0.0,15.0,512,16,False,металл,16.626168224299064
apple,11.820343986057841,3.49,apple,apple m2,8.0,интегрированная,0.0,15.0,256,8,False,металл,16.626168224299064
other,10.239638308916676,2.3,intel,intel celeron,4.0,интегрированная,0.0,15.0,240,8,True,пластик,5.0
apple,12.128062454228429,3.22,apple,apple m1,10.0,интегрированная,0.0,15.0,512,16,False,металл,16.626168224299064
apple,12.128062454228429,3.22,apple,apple m1,10.0,интегрированная,0.0,15.0,512,16,False,металл,16.626168224299064
other,9.903037451255743,2.4,intel,intel celeron,2.0,интегрированная,0.0,14.0,120,6,True,пластик,5.0
